rank,project,url,score,criteria_score,modifier_adj,dossier_completeness,uncertainty,popularity_risk,primary_driver,rationale
1,Humble Data Workshop,https://humbledata.org,77.7,64.7,13,1.0,LOW,NONE,C3_openness,I appreciate that Humble Data Workshop publishes openly and invites community contribution. The strong modifier boost (+13) reflects alignment with excluded-population and volunteer-driven values.
2,Teaching Public Service in the Digital Age,https://www.teachingpublicservice.digital,70.7,62.7,8,1.0,LOW,NONE,C2_empowerment,I value the community accountability structures in Teaching Public Service in the Digital Age. The strong modifier boost (+8) reflects alignment with excluded-population and volunteer-driven values.
3,Mozilla Data Collective,https://datacollective.mozillafoundation.org,69.9,55.9,14,1.0,LOW,NONE,C1_inclusion,"Mozilla Data Collective demonstrates genuine commitment to serving excluded populations, but it treats users as passive consumers rather than building their capabilities. The strong modifier boost (+14) reflects alignment with excluded-population and volunteer-driven values."
4,Internet Archive Wayback Machine,https://web.archive.org,69.8,58.8,11,1.0,LOW,NONE,C4_deployment,The civic infrastructure framing of Internet Archive Wayback Machine fits my emerging political tech interest. The strong modifier boost (+11) reflects alignment with excluded-population and volunteer-driven values.
5,Relational Tech Project,https://relationaltechproject.org,68.8,57.8,11,0.86,LOW,NONE,C7_civic_tech,"Relational Tech Project is governed by the people it serves, but the target audience seems mainstream rather than excluded. The strong modifier boost (+11) reflects alignment with excluded-population and volunteer-driven values."
6,Landlord Tech Watch,https://antievictionmappingproject.github.io/landlordtech,66.9,55.9,11,1.0,LOW,NONE,C7_civic_tech,"Landlord Tech Watch could survive its founders leaving because the code and materials are open, but I see no evidence it reaches marginalised communities. The strong modifier boost (+11) reflects alignment with excluded-population and volunteer-driven values."
7,Activist Handbook,https://activisthandbook.org,66.8,59.8,7,1.0,LOW,NONE,C4_deployment,"The civic infrastructure framing of Activist Handbook fits my emerging political tech interest. Solid work, though not perfectly aligned across all my criteria."
8,Framework for Meaningful Engagement 2.0,https://ecnl.org/publications/framework-meaningful-engagement-20?mc_cid=b1c5158063&mc_eid=a09c64ec38,66.0,52.0,14,0.93,LOW,NONE,C7_civic_tech,"Framework for Meaningful Engagement 2.0's focus on marginalised users stands out, but it lacks the empowerment logic I prioritise. The strong modifier boost (+14) reflects alignment with excluded-population and volunteer-driven values."
9,Gapminder Worldview Upgrader,https://upgrader.gapminder.org,65.8,61.8,4,1.0,LOW,LOW,C4_deployment,"The volunteer-scalable design of Gapminder Worldview Upgrader is exactly how I think impact should grow. Solid work, though not perfectly aligned across all my criteria."
10,docs.plus,https://docs.plus,64.9,55.9,9,0.93,LOW,NONE,C3_openness,"The civic infrastructure framing of docs.plus fits my emerging political tech interest, but I see no evidence it reaches marginalised communities. The strong modifier boost (+9) reflects alignment with excluded-population and volunteer-driven values."
11,Mastodon,https://github.com/mastodon/mastodon,63.9,52.9,11,1.0,LOW,MEDIUM,C4_deployment,"Mastodon's open-source approach means others can replicate this work, but it lacks the empowerment logic I prioritise. The strong modifier boost (+11) reflects alignment with excluded-population and volunteer-driven values."
12,Open Heart Mind (OHM),https://openheartmind.org,62.9,52.9,10,1.0,LOW,NONE,C5_governance,"The civic infrastructure framing of Open Heart Mind (OHM) fits my emerging political tech interest, though I find no mechanism for leaving people more capable after use. The strong modifier boost (+10) reflects alignment with excluded-population and volunteer-driven values."
13,rsky,https://github.com/blacksky-algorithms/rsky,61.9,53.9,8,1.0,LOW,NONE,C3_openness,"There is concrete evidence that rsky serves actual users, but it treats users as passive consumers rather than building their capabilities. The strong modifier boost (+8) reflects alignment with excluded-population and volunteer-driven values."
14,Creative Commons,https://creativecommons.org,60.9,55.9,5,1.0,LOW,NONE,C4_deployment,"I value the community accountability structures in Creative Commons. Solid work, though not perfectly aligned across all my criteria."
15,In the news,https://en.wikipedia.org/wiki/wikipedia:in_the_news,60.9,53.9,7,0.93,LOW,NONE,C3_openness,"I value the community accountability structures in In the news. Solid work, though not perfectly aligned across all my criteria."
16,Open Data Editor (ODE),https://okfn.org/en/projects/open-data-editor,60.9,55.9,5,1.0,LOW,NONE,C4_deployment,"Open Data Editor (ODE) gives its users genuine governance power. Solid work, though not perfectly aligned across all my criteria."
17,Security First / Umbrella,https://secfirst.org,60.9,55.9,5,1.0,LOW,NONE,C4_deployment,"Security First / Umbrella has moved beyond theory into real-world use. Solid work, though not perfectly aligned across all my criteria."
18,Alaveteli,https://alaveteli.org,60.9,55.9,5,1.0,LOW,LOW,C4_deployment,"Alaveteli has moved beyond theory into real-world use, but it treats users as passive consumers rather than building their capabilities. Solid work, though not perfectly aligned across all my criteria."
19,Bonfire,https://bonfirenetworks.org,60.9,55.9,5,1.0,LOW,NONE,C5_governance,"I appreciate that Bonfire publishes openly and invites community contribution, though I find no mechanism for leaving people more capable after use. Solid work, though not perfectly aligned across all my criteria."
20,PolicyEngine,https://policyengine.org/uk,60.9,55.9,5,1.0,LOW,LOW,C4_deployment,"PolicyEngine could survive its founders leaving because the code and materials are open, but I see no evidence it reaches marginalised communities. Solid work, though not perfectly aligned across all my criteria."
21,Wikidata,https://www.wikidata.org,60.9,55.9,5,1.0,LOW,LOW,C4_deployment,"Wikidata has moved beyond theory into real-world use, but I see no evidence it reaches marginalised communities. Solid work, though not perfectly aligned across all my criteria."
22,Open Science Framework,https://osf.io,59.9,54.9,5,0.93,LOW,LOW,C4_deployment,"Open Science Framework has moved beyond theory into real-world use, though I find no mechanism for leaving people more capable after use. More evidence of real-world inclusion impact would strengthen this score."
23,Martus,https://www.martus.org,59.9,52.9,7,1.0,LOW,NONE,C4_deployment,"Martus has moved beyond theory into real-world use, though its user base appears to be already-enfranchised citizens. More evidence of real-world inclusion impact would strengthen this score."
24,Tech Coops List,https://tech-coops.xyz,59.8,57.8,2,1.0,LOW,NONE,C5_governance,"I appreciate that Tech Coops List publishes openly and invites community contribution, but I see no evidence it reaches marginalised communities. More evidence of real-world inclusion impact would strengthen this score."
25,Public AI Inference Utility,https://publicai.co,59.0,51.0,8,1.0,LOW,NONE,C4_deployment,"Public AI Inference Utility demonstrates the deployment track record I look for, but it lacks the empowerment logic I prioritise. The strong modifier boost (+8) reflects alignment with excluded-population and volunteer-driven values."
26,Aleph (OCCRP),https://aleph.occrp.org,58.9,53.9,5,0.93,LOW,LOW,C4_deployment,"There is concrete evidence that Aleph (OCCRP) serves actual users, but it lacks the empowerment logic I prioritise. More evidence of real-world inclusion impact would strengthen this score."
27,Shareyourpaper.org,https://shareyourpaper.org,58.9,53.9,5,1.0,LOW,NONE,C4_deployment,"Shareyourpaper.org gives its users genuine governance power, though I find no mechanism for leaving people more capable after use. More evidence of real-world inclusion impact would strengthen this score."
28,ClimateAction.Tech,https://climateaction.tech,58.9,53.9,5,1.0,LOW,LOW,C5_governance,"There is concrete evidence that ClimateAction.Tech serves actual users, though its user base appears to be already-enfranchised citizens. More evidence of real-world inclusion impact would strengthen this score."
29,The Government Says,https://thegovernmentsays.com,58.0,51.0,7,1.0,LOW,NONE,C3_openness,"The Government Says could survive its founders leaving because the code and materials are open, but it treats users as passive consumers rather than building their capabilities. More evidence of real-world inclusion impact would strengthen this score."
30,Rahvaalgatus,https://github.com/rahvaalgatus/rahvaalgatus,58.0,51.0,7,1.0,LOW,NONE,C7_civic_tech,"The civic infrastructure framing of Rahvaalgatus fits my emerging political tech interest, but it lacks the empowerment logic I prioritise. More evidence of real-world inclusion impact would strengthen this score."
31,Participedia,https://participedia.net,57.9,52.9,5,1.0,LOW,NONE,C4_deployment,"Participedia explicitly connects technology to democratic participation, but it treats users as passive consumers rather than building their capabilities. More evidence of real-world inclusion impact would strengthen this score."
32,Schema.org,https://schema.org,57.9,52.9,5,0.71,LOW,MEDIUM,C4_deployment,"I value the community accountability structures in Schema.org, though I find no mechanism for leaving people more capable after use. More evidence of real-world inclusion impact would strengthen this score."
33,Open Collective,https://opencollective.com,57.9,52.9,5,1.0,LOW,MEDIUM,C5_governance,"I value the community accountability structures in Open Collective, but it lacks the empowerment logic I prioritise. More evidence of real-world inclusion impact would strengthen this score."
34,Open Standards for Data Guidebook,https://standards.theodi.org,57.8,57.8,0,1.0,LOW,NONE,C7_civic_tech,The civic infrastructure framing of Open Standards for Data Guidebook fits my emerging political tech interest. More evidence of real-world inclusion impact would strengthen this score.
35,Global Fact-Check Bot (GFC),https://globalfactcheck.bot,57.1,47.1,10,1.0,LOW,NONE,C5_governance,"I value the community accountability structures in Global Fact-Check Bot (GFC), though the closed-source approach constrains volunteer contribution. The strong modifier boost (+10) reflects alignment with excluded-population and volunteer-driven values."
36,The Commons Social Change Library,https://commonslibrary.org,57.0,50.0,7,1.0,LOW,NONE,C4_deployment,"There is concrete evidence that The Commons Social Change Library serves actual users, but its proprietary model limits replicability. More evidence of real-world inclusion impact would strengthen this score."
37,GlobaLeaks,https://www.globaleaks.org,57.0,52.0,5,1.0,LOW,LOW,C4_deployment,"There is concrete evidence that GlobaLeaks serves actual users, though I find no mechanism for leaving people more capable after use. More evidence of real-world inclusion impact would strengthen this score."
38,Snowdrift.coop,https://snowdrift.coop,57.0,50.0,7,1.0,LOW,NONE,C5_governance,"Snowdrift.coop gives its users genuine governance power, but it lacks the empowerment logic I prioritise. More evidence of real-world inclusion impact would strengthen this score."
39,Consent-O-Matic,https://github.com/cavi-au/consent-o-matic,57.0,52.0,5,0.93,LOW,LOW,C4_deployment,"The volunteer-scalable design of Consent-O-Matic is exactly how I think impact should grow, but I see no evidence it reaches marginalised communities. More evidence of real-world inclusion impact would strengthen this score."
40,Logos,https://logos.co,57.0,49.0,8,1.0,LOW,NONE,C7_civic_tech,"The civic infrastructure framing of Logos fits my emerging political tech interest, but it lacks the empowerment logic I prioritise. The strong modifier boost (+8) reflects alignment with excluded-population and volunteer-driven values."
41,Abstract Wikipedia,https://meta.wikimedia.org/wiki/abstract_wikipedia,56.0,51.0,5,0.85,LOW,NONE,C3_openness,Abstract Wikipedia could survive its founders leaving because the code and materials are open. More evidence of real-world inclusion impact would strengthen this score.
42,sourceAFRICA,https://sourceafrica.net,56.0,51.0,5,0.93,LOW,NONE,C3_openness,"sourceAFRICA could survive its founders leaving because the code and materials are open, though I find no mechanism for leaving people more capable after use. More evidence of real-world inclusion impact would strengthen this score."
43,Pursuance Project,https://pursuanceproject.org,56.0,51.0,5,1.0,LOW,NONE,C4_deployment,"Pursuance Project is governed by the people it serves, but the target audience seems mainstream rather than excluded. More evidence of real-world inclusion impact would strengthen this score."
44,Radicle,https://radicle.xyz,56.0,49.0,7,1.0,LOW,LOW,C3_openness,"Radicle is governed by the people it serves, though I find no mechanism for leaving people more capable after use. More evidence of real-world inclusion impact would strengthen this score."
45,Turkopticon,https://turkopticon.ucsd.edu,56.0,51.0,5,1.0,LOW,LOW,C4_deployment,"Turkopticon's open-source approach means others can replicate this work, but it treats users as passive consumers rather than building their capabilities. More evidence of real-world inclusion impact would strengthen this score."
46,youtube-dl,https://github.com/ytdl-org/youtube-dl,56.0,49.0,7,1.0,LOW,MEDIUM,C4_deployment,"youtube-dl has moved beyond theory into real-world use, but the target audience seems mainstream rather than excluded. More evidence of real-world inclusion impact would strengthen this score."
47,Citizen OS,https://citizenos.com/platform,55.9,54.9,1,1.0,LOW,NONE,C4_deployment,"Citizen OS demonstrates the deployment track record I look for, but it treats users as passive consumers rather than building their capabilities. More evidence of real-world inclusion impact would strengthen this score."
48,Decidim,https://decidim.org,55.9,54.9,1,1.0,LOW,LOW,C5_governance,"Decidim gives its users genuine governance power, but it treats users as passive consumers rather than building their capabilities. More evidence of real-world inclusion impact would strengthen this score."
49,Pastecal,https://github.com/kazad/pastecal,55.0,48.0,7,1.0,LOW,NONE,C7_civic_tech,"Pastecal could survive its founders leaving because the code and materials are open, but it treats users as passive consumers rather than building their capabilities. More evidence of real-world inclusion impact would strengthen this score."
50,Strike Map,https://strikemap.org,55.0,48.0,7,0.93,LOW,NONE,C4_deployment,"Strike Map has moved beyond theory into real-world use, but it treats users as passive consumers rather than building their capabilities. More evidence of real-world inclusion impact would strengthen this score."
51,SecureDrop,https://securedrop.org,55.0,50.0,5,1.0,LOW,MEDIUM,C4_deployment,"I value the community accountability structures in SecureDrop, but it treats users as passive consumers rather than building their capabilities. More evidence of real-world inclusion impact would strengthen this score."
52,Open Supply Hub,https://opensupplyhub.org,54.9,54.9,0,1.0,LOW,NONE,C4_deployment,"Open Supply Hub explicitly connects technology to democratic participation, but it lacks the empowerment logic I prioritise. More evidence of real-world inclusion impact would strengthen this score."
53,CONSUL Democracy,https://consulproject.org,54.9,53.9,1,1.0,LOW,LOW,C4_deployment,"CONSUL Democracy is governed by the people it serves, but it lacks the empowerment logic I prioritise. More evidence of real-world inclusion impact would strengthen this score."
54,Anna's Archive,https://annas-archive.pm,54.1,46.1,8,0.78,LOW,MEDIUM,C3_openness,"Anna's Archive explicitly connects technology to democratic participation, but I see no evidence it reaches marginalised communities. The strong modifier boost (+8) reflects alignment with excluded-population and volunteer-driven values."
55,OSINT Framework,https://osintframework.com,54.1,47.1,7,1.0,LOW,MEDIUM,C3_openness,"I appreciate that OSINT Framework publishes openly and invites community contribution, but the target audience seems mainstream rather than excluded. More evidence of real-world inclusion impact would strengthen this score."
56,Murmurations Protocol,https://murmurations.network,54.0,52.0,2,1.0,LOW,NONE,C5_governance,"I value the community accountability structures in Murmurations Protocol, but it lacks the empowerment logic I prioritise. More evidence of real-world inclusion impact would strengthen this score."
57,Pageviews Analysis,https://pageviews.wmcloud.org,54.0,49.0,5,1.0,LOW,NONE,C4_deployment,"Pageviews Analysis demonstrates the deployment track record I look for, though I find no mechanism for leaving people more capable after use. More evidence of real-world inclusion impact would strengthen this score."
58,PlaceCal,https://github.com/geeksforsocialchange/placecal,54.0,52.0,2,1.0,LOW,NONE,C7_civic_tech,"The human-scaling model of PlaceCal reflects how real impact multiplies, but it treats users as passive consumers rather than building their capabilities. More evidence of real-world inclusion impact would strengthen this score."
59,WhatDoTheyKnow,https://www.whatdotheyknow.com,54.0,49.0,5,1.0,LOW,LOW,C7_civic_tech,"The civic infrastructure framing of WhatDoTheyKnow fits my emerging political tech interest, but it lacks the empowerment logic I prioritise. More evidence of real-world inclusion impact would strengthen this score."
60,Tor Project,https://www.torproject.org,54.0,49.0,5,1.0,LOW,MEDIUM,C4_deployment,"Tor Project gives its users genuine governance power, but the target audience seems mainstream rather than excluded. More evidence of real-world inclusion impact would strengthen this score."
61,Sugartrail,https://github.com/ribenamaplesyrup/sugartrail,54.0,49.0,5,0.93,LOW,NONE,C7_civic_tech,"The civic infrastructure framing of Sugartrail fits my emerging political tech interest, though its user base appears to be already-enfranchised citizens. More evidence of real-world inclusion impact would strengthen this score."
62,AlgorithmWatch,https://algorithmwatch.org,53.9,53.9,0,1.0,LOW,NONE,C4_deployment,There is concrete evidence that AlgorithmWatch serves actual users. More evidence of real-world inclusion impact would strengthen this score.
63,Ethelo,https://ethelo.com,53.1,45.1,8,1.0,LOW,NONE,C4_deployment,"The civic infrastructure framing of Ethelo fits my emerging political tech interest, but it lacks the empowerment logic I prioritise. The strong modifier boost (+8) reflects alignment with excluded-population and volunteer-driven values."
64,Theft Bisect,https://onodi.co/bisect,53.1,45.1,8,1.0,LOW,NONE,C3_openness,"The civic infrastructure framing of Theft Bisect fits my emerging political tech interest, but it treats users as passive consumers rather than building their capabilities. The strong modifier boost (+8) reflects alignment with excluded-population and volunteer-driven values."
65,The DAO (Standard DAO Framework),https://github.com/vbuterin/dao,53.1,46.1,7,1.0,LOW,NONE,C7_civic_tech,"The civic infrastructure framing of The DAO (Standard DAO Framework) fits my emerging political tech interest, though its user base appears to be already-enfranchised citizens. More evidence of real-world inclusion impact would strengthen this score."
66,UK Policy Dojo,https://github.com/mikekelly/policy-dojo,53.1,45.1,8,1.0,LOW,NONE,C3_openness,"I appreciate that UK Policy Dojo publishes openly and invites community contribution, but the target audience seems mainstream rather than excluded. The strong modifier boost (+8) reflects alignment with excluded-population and volunteer-driven values."
67,The Engine Room Library,https://library.theengineroom.org,53.0,51.0,2,1.0,LOW,NONE,C3_openness,I find The Engine Room Library moderately aligned with my values. More evidence of real-world inclusion impact would strengthen this score.
68,CivicPress,https://civicpress.io,53.0,49.0,4,1.0,LOW,NONE,C3_openness,"CivicPress could survive its founders leaving because the code and materials are open, though I find no mechanism for leaving people more capable after use. More evidence of real-world inclusion impact would strengthen this score."
69,Guardian Project,https://guardianproject.info,53.0,48.0,5,0.93,LOW,MEDIUM,C4_deployment,"The civic infrastructure framing of Guardian Project fits my emerging political tech interest, but I see no evidence it reaches marginalised communities. More evidence of real-world inclusion impact would strengthen this score."
70,CommunityRule,https://communityrule.info,52.9,52.9,0,1.0,LOW,NONE,C4_deployment,"CommunityRule has moved beyond theory into real-world use, but it lacks the empowerment logic I prioritise. More evidence of real-world inclusion impact would strengthen this score."
71,Nym,https://nymtech.net,52.9,52.9,0,1.0,LOW,LOW,C4_deployment,"I appreciate that Nym publishes openly and invites community contribution, but it lacks the empowerment logic I prioritise. More evidence of real-world inclusion impact would strengthen this score."
72,LiquidFeedback,https://liquidfeedback.com,52.8,57.8,-5,1.0,LOW,NONE,C4_deployment,LiquidFeedback is governed by the people it serves. A modifier penalty (-5) reflects concern about power digitisation without access expansion.
73,OpenElections Leaflet Scraper and Parser,https://github.com/thicknavyrain/uk_elections_leaflets,52.1,44.1,8,1.0,LOW,NONE,C7_civic_tech,"The volunteer-scalable design of OpenElections Leaflet Scraper and Parser is exactly how I think impact should grow, though there is no evidence of community governance structures. The strong modifier boost (+8) reflects alignment with excluded-population and volunteer-driven values."
74,whatsmeow,https://github.com/tulir/whatsmeow,52.1,47.1,5,0.79,LOW,MEDIUM,C4_deployment,"whatsmeow demonstrates the deployment track record I look for, but it lacks the empowerment logic I prioritise. More evidence of real-world inclusion impact would strengthen this score."
75,Privacy Badger,https://privacybadger.org,52.1,47.1,5,1.0,LOW,LOW,C4_deployment,"Privacy Badger has moved beyond theory into real-world use, but the target audience seems mainstream rather than excluded. More evidence of real-world inclusion impact would strengthen this score."
76,Spacetube,https://spacetu.be,52.1,43.1,9,0.93,LOW,NONE,C3_openness,"The volunteer-scalable design of Spacetube is exactly how I think impact should grow, but it treats users as passive consumers rather than building their capabilities. The strong modifier boost (+9) reflects alignment with excluded-population and volunteer-driven values."
77,Kagi SlopStop,https://blog.kagi.com/slopstop,52.0,49.0,3,1.0,LOW,NONE,C4_deployment,I value the community accountability structures in Kagi SlopStop. More evidence of real-world inclusion impact would strengthen this score.
78,OA.Works,https://oa.works,52.0,52.0,0,1.0,LOW,NONE,C4_deployment,The civic infrastructure framing of OA.Works fits my emerging political tech interest. More evidence of real-world inclusion impact would strengthen this score.
79,Cobudget,https://cobudget.com,52.0,50.0,2,1.0,LOW,NONE,C5_governance,"The civic infrastructure framing of Cobudget fits my emerging political tech interest, though I find no mechanism for leaving people more capable after use. More evidence of real-world inclusion impact would strengthen this score."
80,GRIM (Global Risk Simulator),https://github.com/sentinelteam/grim,52.0,49.0,3,1.0,LOW,NONE,C4_deployment,"GRIM (Global Risk Simulator) gives its users genuine governance power, though I find no mechanism for leaving people more capable after use. More evidence of real-world inclusion impact would strengthen this score."
81,OpenCRVS,https://www.opencrvs.org,52.0,51.0,1,1.0,LOW,LOW,C4_deployment,"I value the community accountability structures in OpenCRVS, though I find no mechanism for leaving people more capable after use. More evidence of real-world inclusion impact would strengthen this score."
82,openparliament.ca,https://openparliament.ca,51.1,46.1,5,1.0,LOW,NONE,C7_civic_tech,"openparliament.ca explicitly connects technology to democratic participation, but the target audience seems mainstream rather than excluded. More evidence of real-world inclusion impact would strengthen this score."
83,arXiv,https://arxiv.org,51.1,46.1,5,1.0,LOW,LOW,C4_deployment,"arXiv explicitly connects technology to democratic participation, though its user base appears to be already-enfranchised citizens. More evidence of real-world inclusion impact would strengthen this score."
84,meet.coop,https://www.meet.coop,51.1,44.1,7,1.0,LOW,NONE,C5_governance,"I value the community accountability structures in meet.coop, but I see no evidence it reaches marginalised communities. More evidence of real-world inclusion impact would strengthen this score."
85,Community Notes (Birdwatch) Analysis Tool,https://github.com/travisbrown/birdwatch,51.0,48.0,3,1.0,LOW,NONE,C3_openness,"The civic infrastructure framing of Community Notes (Birdwatch) Analysis Tool fits my emerging political tech interest, but it treats users as passive consumers rather than building their capabilities. More evidence of real-world inclusion impact would strengthen this score."
86,Groupthink (OpenPolitics Votebot),https://github.com/openpolitics/groupthink,51.0,49.0,2,1.0,LOW,NONE,C7_civic_tech,"I value the community accountability structures in Groupthink (OpenPolitics Votebot), though I find no mechanism for leaving people more capable after use. More evidence of real-world inclusion impact would strengthen this score."
87,Neighbourhood Warmth,https://www.mysociety.org/climate/neighbourhood-warmth,50.2,42.2,8,1.0,LOW,NONE,C7_civic_tech,"I value the community accountability structures in Neighbourhood Warmth, though its user base appears to be already-enfranchised citizens. The strong modifier boost (+8) reflects alignment with excluded-population and volunteer-driven values."
88,Riseup,https://riseup.net,50.2,41.2,9,1.0,LOW,NONE,C5_governance,"I value the community accountability structures in Riseup, but it treats users as passive consumers rather than building their capabilities. The strong modifier boost (+9) reflects alignment with excluded-population and volunteer-driven values."
89,MP Watch,https://www.mpwatch.org,50.1,43.1,7,1.0,LOW,NONE,C7_civic_tech,"The civic infrastructure framing of MP Watch fits my emerging political tech interest, though the closed-source approach constrains volunteer contribution. More evidence of real-world inclusion impact would strengthen this score."
90,VFRAME,https://vframe.io,50.1,45.1,5,1.0,LOW,LOW,C4_deployment,"VFRAME demonstrates the deployment track record I look for, but the target audience seems mainstream rather than excluded. More evidence of real-world inclusion impact would strengthen this score."
91,Ushahidi,https://www.ushahidi.com,50.0,50.0,0,1.0,LOW,LOW,C4_deployment,Ushahidi is governed by the people it serves. More evidence of real-world inclusion impact would strengthen this score.
92,adhocracy+,https://adhocracy.plus,50.0,50.0,0,1.0,LOW,NONE,C4_deployment,"adhocracy+ explicitly connects technology to democratic participation, but it treats users as passive consumers rather than building their capabilities. More evidence of real-world inclusion impact would strengthen this score."
93,Bluesky Social,https://github.com/bluesky-social,50.0,50.0,0,1.0,LOW,MEDIUM,C4_deployment,"I value the community accountability structures in Bluesky Social, but it lacks the empowerment logic I prioritise. More evidence of real-world inclusion impact would strengthen this score."
94,Humanitarian OpenStreetMap Team (HOT),https://www.hotosm.org,50.0,49.0,1,1.0,LOW,LOW,C4_deployment,"I value the community accountability structures in Humanitarian OpenStreetMap Team (HOT), but it treats users as passive consumers rather than building their capabilities. More evidence of real-world inclusion impact would strengthen this score."
95,Political Advertising Transparency Data Standard,https://github.com/whotargetsme/ad-transparency-standards/blob/main/implement.md,50.0,48.0,2,1.0,LOW,NONE,C4_deployment,"Political Advertising Transparency Data Standard explicitly connects technology to democratic participation, though its user base appears to be already-enfranchised citizens. More evidence of real-world inclusion impact would strengthen this score."
96,Discourse,https://www.discourse.org,49.9,54.9,-5,1.0,LOW,MEDIUM,C4_deployment,There is concrete evidence that Discourse serves actual users. A modifier penalty (-5) reflects concern about power digitisation without access expansion.
97,Agencies for Good,https://www.agenciesforgood.org,49.2,42.2,7,1.0,LOW,NONE,C5_governance,"Agencies for Good is governed by the people it serves, though the closed-source approach constrains volunteer contribution. More evidence of real-world inclusion impact would strengthen this score."
98,Beckton,https://richardpope.org/2017/03/05/beckton-a-tool-to-build,49.2,42.2,7,1.0,LOW,NONE,C3_openness,"The civic infrastructure framing of Beckton fits my emerging political tech interest, though its user base appears to be already-enfranchised citizens. More evidence of real-world inclusion impact would strengthen this score."
99,FixMyBlock,https://fixmyblock.org,49.1,43.1,6,1.0,LOW,NONE,C7_civic_tech,"FixMyBlock explicitly connects technology to democratic participation, though the closed-source approach constrains volunteer contribution. More evidence of real-world inclusion impact would strengthen this score."
100,Data Observation Toolkit (DOT),https://github.com/datakind/data-observation-toolkit,49.1,47.1,2,1.0,LOW,NONE,C3_openness,"I find Data Observation Toolkit (DOT) moderately aligned with my values, but it treats users as passive consumers rather than building their capabilities. More evidence of real-world inclusion impact would strengthen this score."
101,PatCit,https://github.com/cverluise/patcit,49.0,49.0,0,1.0,LOW,NONE,C4_deployment,PatCit has moved beyond theory into real-world use. More evidence of real-world inclusion impact would strengthen this score.
102,LittleSis,https://littlesis.org,49.0,49.0,0,1.0,LOW,NONE,C7_civic_tech,"LittleSis explicitly connects technology to democratic participation, but it lacks the empowerment logic I prioritise. More evidence of real-world inclusion impact would strengthen this score."
103,Open Council Network,https://opencouncil.network,49.0,49.0,0,1.0,LOW,NONE,C7_civic_tech,"Open Council Network is governed by the people it serves, though I find no mechanism for leaving people more capable after use. More evidence of real-world inclusion impact would strengthen this score."
104,Open Digital Planning,https://opendigitalplanning.org,49.0,49.0,0,1.0,LOW,LOW,C7_civic_tech,"Open Digital Planning explicitly connects technology to democratic participation, but it lacks the empowerment logic I prioritise. More evidence of real-world inclusion impact would strengthen this score."
105,RxC Quadratic Voting,https://quadraticvote.radicalxchange.org,49.0,49.0,0,1.0,LOW,NONE,C4_deployment,"RxC Quadratic Voting has moved beyond theory into real-world use, though I find no mechanism for leaving people more capable after use. More evidence of real-world inclusion impact would strengthen this score."
106,CiviCRM,https://civicrm.org,49.0,49.0,0,1.0,LOW,NONE,C4_deployment,"I value the community accountability structures in CiviCRM, but it lacks the empowerment logic I prioritise. More evidence of real-world inclusion impact would strengthen this score."
107,Ladder Hub,https://ladderhub.org,48.2,42.2,6,0.93,LOW,NONE,C4_deployment,"I find Ladder Hub moderately aligned with my values, though the closed-source approach constrains volunteer contribution. More evidence of real-world inclusion impact would strengthen this score."
108,Populate Tools,https://github.com/populatetools,48.0,50.0,-2,1.0,LOW,NONE,C7_civic_tech,"Populate Tools explicitly connects technology to democratic participation, but it treats users as passive consumers rather than building their capabilities. More evidence of real-world inclusion impact would strengthen this score."
109,Journal of Open Source Software,https://joss.theoj.org,48.0,48.0,0,1.0,LOW,LOW,C4_deployment,"Journal of Open Source Software demonstrates the deployment track record I look for, but it treats users as passive consumers rather than building their capabilities. More evidence of real-world inclusion impact would strengthen this score."
110,NumFOCUS,https://numfocus.org,48.0,48.0,0,1.0,LOW,LOW,C4_deployment,"NumFOCUS is governed by the people it serves, though its user base appears to be already-enfranchised citizens. More evidence of real-world inclusion impact would strengthen this score."
111,CKAN,https://ckan.org,47.9,52.9,-5,1.0,LOW,LOW,C4_deployment,"CKAN is governed by the people it serves, but it treats users as passive consumers rather than building their capabilities. A modifier penalty (-5) reflects concern about power digitisation without access expansion."
112,mySociety Datasets and APIs,https://data.mysociety.org,47.9,52.9,-5,1.0,LOW,LOW,C4_deployment,"mySociety Datasets and APIs has moved beyond theory into real-world use, but it lacks the empowerment logic I prioritise. A modifier penalty (-5) reflects concern about power digitisation without access expansion."
113,Turbo Phonebank,https://turbophonebank.com,47.3,36.3,11,1.0,LOW,NONE,C7_civic_tech,"Turbo Phonebank explicitly connects technology to democratic participation, but it lacks the empowerment logic I prioritise. The strong modifier boost (+11) reflects alignment with excluded-population and volunteer-driven values."
114,WriteToThem,https://www.writetothem.com,47.2,40.2,7,1.0,LOW,NONE,C7_civic_tech,"The civic infrastructure framing of WriteToThem fits my emerging political tech interest, but it treats users as passive consumers rather than building their capabilities. More evidence of real-world inclusion impact would strengthen this score."
115,Responsible Tech Guide 2025,https://alltechishuman.org/responsible-tech-guide-2025,47.2,42.2,5,1.0,LOW,NONE,C7_civic_tech,"The civic infrastructure framing of Responsible Tech Guide 2025 fits my emerging political tech interest, but the target audience seems mainstream rather than excluded. More evidence of real-world inclusion impact would strengthen this score."
116,Open Referral UK,https://openreferraluk.org,47.1,45.1,2,1.0,LOW,NONE,C5_governance,"I value the community accountability structures in Open Referral UK, but it treats users as passive consumers rather than building their capabilities. More evidence of real-world inclusion impact would strengthen this score."
117,Channel.org,https://channel.org,47.1,45.1,2,1.0,LOW,NONE,C4_deployment,"The civic infrastructure framing of Channel.org fits my emerging political tech interest, but it treats users as passive consumers rather than building their capabilities. More evidence of real-world inclusion impact would strengthen this score."
118,Participa (Podemos),https://github.com/podemos-info/participa,47.1,45.1,2,1.0,LOW,NONE,C7_civic_tech,"Participa (Podemos) gives its users genuine governance power, but it treats users as passive consumers rather than building their capabilities. More evidence of real-world inclusion impact would strengthen this score."
119,RxC Voice,https://github.com/radicalxchange/rxc-voice,47.1,47.1,0,1.0,LOW,NONE,C7_civic_tech,"The civic infrastructure framing of RxC Voice fits my emerging political tech interest, but the target audience seems mainstream rather than excluded. More evidence of real-world inclusion impact would strengthen this score."
120,HURIDOCS,https://github.com/huridocs,47.1,47.1,0,1.0,LOW,NONE,C4_deployment,"The civic infrastructure framing of HURIDOCS fits my emerging political tech interest, but the target audience seems mainstream rather than excluded. More evidence of real-world inclusion impact would strengthen this score."
121,Awesome UK Government Datasets,https://github.com/i-dot-ai/awesome-gov-datasets,47.0,48.0,-1,1.0,LOW,NONE,C3_openness,"I find Awesome UK Government Datasets moderately aligned with my values, but it lacks the empowerment logic I prioritise. More evidence of real-world inclusion impact would strengthen this score."
122,Coral,https://coralproject.net,47.0,52.0,-5,1.0,LOW,LOW,C4_deployment,"Coral is governed by the people it serves, though I find no mechanism for leaving people more capable after use. A modifier penalty (-5) reflects concern about power digitisation without access expansion."
123,vTaiwan,https://github.com/g0v/vue.vtaiwan.tw,47.0,49.0,-2,1.0,LOW,NONE,C5_governance,"vTaiwan explicitly connects technology to democratic participation, but it lacks the empowerment logic I prioritise. More evidence of real-world inclusion impact would strengthen this score."
124,Keep It In The Community,https://plunkett.my.site.com/keepitinthecommunity/s,46.2,41.2,5,0.86,LOW,NONE,C5_governance,"The civic infrastructure framing of Keep It In The Community fits my emerging political tech interest, but without open materials, others cannot build on this work. More evidence of real-world inclusion impact would strengthen this score."
125,DemTech Navigator,https://navigator.oii.ox.ac.uk,46.2,39.2,7,1.0,LOW,NONE,C4_deployment,"I find DemTech Navigator moderately aligned with my values, but its proprietary model limits replicability. More evidence of real-world inclusion impact would strengthen this score."
126,Collaborative Data Patterns,https://collaborative-data.theodi.org,46.1,44.1,2,0.93,LOW,NONE,C7_civic_tech,The civic infrastructure framing of Collaborative Data Patterns fits my emerging political tech interest. More evidence of real-world inclusion impact would strengthen this score.
127,Campaign Tracker,https://www.campaigntracker.nl/en,46.1,44.1,2,1.0,LOW,NONE,C7_civic_tech,Campaign Tracker explicitly connects technology to democratic participation. More evidence of real-world inclusion impact would strengthen this score.
128,All Our Ideas,https://all-our-ideas.citizens.is,46.1,46.1,0,0.93,LOW,NONE,C7_civic_tech,"The civic infrastructure framing of All Our Ideas fits my emerging political tech interest, but it treats users as passive consumers rather than building their capabilities. More evidence of real-world inclusion impact would strengthen this score."
129,Constitute Project,https://constituteproject.org,46.1,46.1,0,1.0,LOW,NONE,C4_deployment,"Constitute Project explicitly connects technology to democratic participation, but it lacks the empowerment logic I prioritise. More evidence of real-world inclusion impact would strengthen this score."
130,One Project,https://oneproject.org,46.1,46.1,0,1.0,LOW,NONE,C7_civic_tech,"The civic infrastructure framing of One Project fits my emerging political tech interest, though I find no mechanism for leaving people more capable after use. More evidence of real-world inclusion impact would strengthen this score."
131,oTree,https://www.otree.org,46.1,46.1,0,1.0,LOW,LOW,C4_deployment,"I value the community accountability structures in oTree, though I find no mechanism for leaving people more capable after use. More evidence of real-world inclusion impact would strengthen this score."
132,Talk to the City,https://talktothecity.org,46.1,43.1,3,1.0,LOW,NONE,C4_deployment,"There is concrete evidence that Talk to the City serves actual users, though its user base appears to be already-enfranchised citizens. More evidence of real-world inclusion impact would strengthen this score."
133,Bellingcat Online Investigation Toolkit,https://bellingcat.gitbook.io/toolkit,46.1,46.1,0,0.93,LOW,NONE,C4_deployment,"I value the community accountability structures in Bellingcat Online Investigation Toolkit, but it treats users as passive consumers rather than building their capabilities. More evidence of real-world inclusion impact would strengthen this score."
134,ODK (Open Data Kit),https://getodk.org,46.0,50.0,-4,1.0,LOW,LOW,C4_deployment,"ODK (Open Data Kit) gives its users genuine governance power, but it treats users as passive consumers rather than building their capabilities. More evidence of real-world inclusion impact would strengthen this score."
135,Charity Digital Skills Report,https://charitydigitalskills.co.uk,45.2,38.2,7,1.0,LOW,NONE,C7_civic_tech,"Charity Digital Skills Report explicitly connects technology to democratic participation, but the target audience seems mainstream rather than excluded. More evidence of real-world inclusion impact would strengthen this score."
136,CharmVerse,https://charmverse.io,45.1,45.1,0,1.0,LOW,NONE,C4_deployment,"CharmVerse demonstrates the deployment track record I look for, but it treats users as passive consumers rather than building their capabilities. More evidence of real-world inclusion impact would strengthen this score."
137,PolicyKit,https://policykit.org,45.1,45.1,0,0.85,LOW,LOW,C7_civic_tech,"PolicyKit explicitly connects technology to democratic participation, though I find no mechanism for leaving people more capable after use. More evidence of real-world inclusion impact would strengthen this score."
138,Unpaywall Browser Extension,https://unpaywall.org/products/extension,45.1,45.1,0,0.93,LOW,LOW,C4_deployment,"Unpaywall Browser Extension demonstrates the deployment track record I look for, though its user base appears to be already-enfranchised citizens. More evidence of real-world inclusion impact would strengthen this score."
139,Conservative Party Funding,https://conservativepartyfunding.co.uk,44.3,35.3,9,1.0,LOW,NONE,C7_civic_tech,"Conservative Party Funding explicitly connects technology to democratic participation, though the closed-source approach constrains volunteer contribution. The strong modifier boost (+9) reflects alignment with excluded-population and volunteer-driven values."
140,Viewpoints,https://viewpoints.xyz,44.2,42.2,2,1.0,LOW,NONE,C4_deployment,"Viewpoints explicitly connects technology to democratic participation, but without open materials, others cannot build on this work. More evidence of real-world inclusion impact would strengthen this score."
141,Cybersecurity for Democracy,https://cybersecurityfordemocracy.org,44.1,46.1,-2,1.0,LOW,NONE,C4_deployment,"Cybersecurity for Democracy explicitly connects technology to democratic participation, but the target audience seems mainstream rather than excluded. More evidence of real-world inclusion impact would strengthen this score."
142,dDocs,https://ddocs.new,44.0,48.0,-4,0.79,LOW,NONE,C7_civic_tech,"dDocs explicitly connects technology to democratic participation, but it treats users as passive consumers rather than building their capabilities. More evidence of real-world inclusion impact would strengthen this score."
143,Polis,https://github.com/compdemocracy/polis,44.0,48.0,-4,1.0,LOW,LOW,C4_deployment,"Polis gives its users genuine governance power, but it treats users as passive consumers rather than building their capabilities. More evidence of real-world inclusion impact would strengthen this score."
144,Remember to Vote,https://remembertovote.org.uk,43.3,33.3,10,0.93,LOW,NONE,C7_civic_tech,"The civic infrastructure framing of Remember to Vote fits my emerging political tech interest, but I see no evidence it reaches marginalised communities. The strong modifier boost (+10) reflects alignment with excluded-population and volunteer-driven values."
145,Wikum,https://www.csail.mit.edu/research/wikum-bridging-discussion-systems-and-wikis-collective-summarization,43.2,41.2,2,1.0,LOW,NONE,C7_civic_tech,"The civic infrastructure framing of Wikum fits my emerging political tech interest, though its user base appears to be already-enfranchised citizens. More evidence of real-world inclusion impact would strengthen this score."
146,Frankenstein Bill,https://gordonguthrie.github.io/frankensteinbill,43.2,41.2,2,1.0,LOW,NONE,C3_openness,"Frankenstein Bill explicitly connects technology to democratic participation, but the target audience seems mainstream rather than excluded. More evidence of real-world inclusion impact would strengthen this score."
147,Urbit,https://urbit.org,43.1,43.1,0,1.0,LOW,LOW,C4_deployment,"There is concrete evidence that Urbit serves actual users, but it lacks the empowerment logic I prioritise. More evidence of real-world inclusion impact would strengthen this score."
148,Democracy Club Developer API,https://developers.democracyclub.org.uk/api/v1,43.1,43.1,0,1.0,LOW,NONE,C7_civic_tech,"Democracy Club Developer API gives its users genuine governance power, though I find no mechanism for leaving people more capable after use. More evidence of real-world inclusion impact would strengthen this score."
149,Matrix,https://matrix.org,43.0,48.0,-5,1.0,LOW,MEDIUM,C4_deployment,"Matrix gives its users genuine governance power, but it treats users as passive consumers rather than building their capabilities. A modifier penalty (-5) reflects concern about power digitisation without access expansion."
150,Tactical Data Engagement,https://communities.sunlightfoundation.com/methodology,42.3,36.3,6,1.0,LOW,NONE,C7_civic_tech,"Tactical Data Engagement explicitly connects technology to democratic participation, but without open materials, others cannot build on this work. More evidence of real-world inclusion impact would strengthen this score."
151,Filmot,https://filmot.com,42.3,35.3,7,0.93,LOW,NONE,C4_deployment,"I find Filmot moderately aligned with my values, but it lacks the empowerment logic I prioritise. More evidence of real-world inclusion impact would strengthen this score."
152,Nyaaya,https://nyaaya.org,42.2,42.2,0,1.0,LOW,LOW,C7_civic_tech,The civic infrastructure framing of Nyaaya fits my emerging political tech interest. More evidence of real-world inclusion impact would strengthen this score.
153,Land Explorer,https://landexplorer.coop,42.2,40.2,2,1.0,LOW,NONE,C5_governance,"The civic infrastructure framing of Land Explorer fits my emerging political tech interest, though I find no mechanism for leaving people more capable after use. More evidence of real-world inclusion impact would strengthen this score."
154,Diia,https://expo.diia.gov.ua,42.2,42.2,0,1.0,LOW,LOW,C5_governance,"I value the community accountability structures in Diia, though I find no mechanism for leaving people more capable after use. More evidence of real-world inclusion impact would strengthen this score."
155,GOV.UK Notify,https://www.notifications.service.gov.uk,42.2,41.2,1,1.0,LOW,LOW,C4_deployment,"GOV.UK Notify has moved beyond theory into real-world use, though I find no mechanism for leaving people more capable after use. More evidence of real-world inclusion impact would strengthen this score."
156,Contracts for Data Collaboration,https://contractsfordatacollaboration.org,42.1,44.1,-2,1.0,LOW,NONE,C4_deployment,"Contracts for Data Collaboration has moved beyond theory into real-world use, though I find no mechanism for leaving people more capable after use. More evidence of real-world inclusion impact would strengthen this score."
157,Fairbnb.coop,https://fairbnb.coop,42.1,47.1,-5,1.0,LOW,NONE,C5_governance,"The civic infrastructure framing of Fairbnb.coop fits my emerging political tech interest, but it treats users as passive consumers rather than building their capabilities. A modifier penalty (-5) reflects concern about power digitisation without access expansion."
158,Loomio,https://www.loomio.org,42.1,47.1,-5,1.0,LOW,LOW,C4_deployment,"The civic infrastructure framing of Loomio fits my emerging political tech interest, but the target audience seems mainstream rather than excluded. A modifier penalty (-5) reflects concern about power digitisation without access expansion."
159,Timecounts,https://timecounts.org,41.3,37.3,4,1.0,LOW,NONE,C7_civic_tech,"Timecounts explicitly connects technology to democratic participation, though the closed-source approach constrains volunteer contribution. More evidence of real-world inclusion impact would strengthen this score."
160,Monitor Mamdani,https://monitormamdani.com,41.3,33.3,8,0.86,LOW,NONE,C7_civic_tech,"The civic infrastructure framing of Monitor Mamdani fits my emerging political tech interest, but it lacks the empowerment logic I prioritise. The strong modifier boost (+8) reflects alignment with excluded-population and volunteer-driven values."
161,Parse The Bill,https://parsethebill.com,41.3,33.3,8,1.0,LOW,NONE,C7_civic_tech,"The civic infrastructure framing of Parse The Bill fits my emerging political tech interest, but the target audience seems mainstream rather than excluded. The strong modifier boost (+8) reflects alignment with excluded-population and volunteer-driven values."
162,Understanding Your Morality,https://programs.clearerthinking.org/understanding-your-morality,41.2,41.2,0,1.0,LOW,NONE,C4_deployment,"I find Understanding Your Morality moderately aligned with my values, but without open materials, others cannot build on this work. More evidence of real-world inclusion impact would strengthen this score."
163,AISafety.info,https://aisafety.info,41.2,41.2,0,1.0,LOW,NONE,C4_deployment,I find AISafety.info moderately aligned with my values. More evidence of real-world inclusion impact would strengthen this score.
164,DAO Governance Surfaces,https://github.com/notchia/dao-governance-surfaces,41.2,40.2,1,1.0,LOW,NONE,C4_deployment,"I find DAO Governance Surfaces moderately aligned with my values, but it treats users as passive consumers rather than building their capabilities. More evidence of real-world inclusion impact would strengthen this score."
165,Kialo,https://kialo.com,41.1,46.1,-5,1.0,LOW,NONE,C4_deployment,"The civic infrastructure framing of Kialo fits my emerging political tech interest, but its proprietary model limits replicability. A modifier penalty (-5) reflects concern about power digitisation without access expansion."
166,OpenSanctions,https://www.opensanctions.org,41.1,46.1,-5,1.0,LOW,LOW,C4_deployment,"OpenSanctions gives its users genuine governance power, though I find no mechanism for leaving people more capable after use. A modifier penalty (-5) reflects concern about power digitisation without access expansion."
167,Principles for Public Participation in Procurement of AI,https://p4ai.net,41.1,46.1,-5,0.86,LOW,NONE,C4_deployment,"I value the community accountability structures in Principles for Public Participation in Procurement of AI, but it treats users as passive consumers rather than building their capabilities. A modifier penalty (-5) reflects concern about power digitisation without access expansion."
168,Stanford Participatory Budgeting Platform,https://github.com/stanfordcdt/pb,41.1,43.1,-2,1.0,LOW,NONE,C7_civic_tech,"Stanford Participatory Budgeting Platform explicitly connects technology to democratic participation, though its user base appears to be already-enfranchised citizens. More evidence of real-world inclusion impact would strengthen this score."
169,FarmerChat,https://farmerchat.digitalgreen.org,40.3,34.3,6,1.0,LOW,NONE,C4_deployment,"FarmerChat demonstrates the deployment track record I look for, though I find no mechanism for leaving people more capable after use. More evidence of real-world inclusion impact would strengthen this score."
170,Who Posted What?,https://whopostedwhat.com,40.3,33.3,7,1.0,LOW,NONE,C4_deployment,"I find Who Posted What? moderately aligned with my values, but it lacks the empowerment logic I prioritise. More evidence of real-world inclusion impact would strengthen this score."
171,MP Twitter Bios,https://www.mptwitterbios.co.uk,40.3,37.3,3,1.0,LOW,NONE,C7_civic_tech,"MP Twitter Bios explicitly connects technology to democratic participation, but it treats users as passive consumers rather than building their capabilities. More evidence of real-world inclusion impact would strengthen this score."
172,Dovetail,https://dovetail.network,40.3,33.3,7,1.0,LOW,NONE,C4_deployment,"I find Dovetail moderately aligned with my values, though its user base appears to be already-enfranchised citizens. More evidence of real-world inclusion impact would strengthen this score."
173,Society for Hopeful Technologists,https://societyforhopefultechnologists.org,40.3,37.3,3,1.0,LOW,NONE,C7_civic_tech,"Society for Hopeful Technologists gives its users genuine governance power, but the target audience seems mainstream rather than excluded. More evidence of real-world inclusion impact would strengthen this score."
174,Civic Tech Field Guide,https://civictech.guide,40.2,38.2,2,1.0,LOW,NONE,C7_civic_tech,"The civic infrastructure framing of Civic Tech Field Guide fits my emerging political tech interest, but without open materials, others cannot build on this work. More evidence of real-world inclusion impact would strengthen this score."
175,OpenBudgets.eu,https://openbudgets.eu,40.2,40.2,0,1.0,LOW,NONE,C4_deployment,OpenBudgets.eu explicitly connects technology to democratic participation. More evidence of real-world inclusion impact would strengthen this score.
176,Atlas of Surveillance,https://atlasofsurveillance.org,40.2,40.2,0,1.0,LOW,NONE,C5_governance,"Atlas of Surveillance is governed by the people it serves, but it treats users as passive consumers rather than building their capabilities. More evidence of real-world inclusion impact would strengthen this score."
177,Idealist,https://idealist.org,40.2,40.2,0,1.0,LOW,NONE,C7_civic_tech,"The civic infrastructure framing of Idealist fits my emerging political tech interest, though the closed-source approach constrains volunteer contribution. More evidence of real-world inclusion impact would strengthen this score."
178,Local Intelligence Hub,https://www.localintelligencehub.com,40.2,38.2,2,1.0,LOW,NONE,C7_civic_tech,"The civic infrastructure framing of Local Intelligence Hub fits my emerging political tech interest, but its proprietary model limits replicability. More evidence of real-world inclusion impact would strengthen this score."
179,Mapping.kids,https://mapping.kids,40.2,38.2,2,0.64,MEDIUM,NONE,C4_deployment,"Mapping.kids explicitly connects technology to democratic participation, though its user base appears to be already-enfranchised citizens. More evidence of real-world inclusion impact would strengthen this score."
180,ORCID,https://orcid.org,40.2,40.2,0,0.93,LOW,LOW,C4_deployment,"ORCID gives its users genuine governance power, but it treats users as passive consumers rather than building their capabilities. More evidence of real-world inclusion impact would strengthen this score."
181,Bluesky,https://bsky.app,40.1,45.1,-5,1.0,LOW,MEDIUM,C4_deployment,"Bluesky demonstrates the deployment track record I look for, but it lacks the empowerment logic I prioritise. A modifier penalty (-5) reflects concern about power digitisation without access expansion."
182,The List,https://the-list.uk,39.4,31.4,8,1.0,LOW,NONE,C4_deployment,"The List has limited alignment with what I look for in civic tech, but the target audience seems mainstream rather than excluded. The strong modifier boost (+8) reflects alignment with excluded-population and volunteer-driven values."
183,Digital Account Management Toolkit,https://digitalcharitylab.org/product/digital-account-management-toolkit,39.4,32.4,7,1.0,LOW,NONE,C4_deployment,"Digital Account Management Toolkit has limited alignment with what I look for in civic tech, but it lacks the empowerment logic I prioritise. More evidence of real-world inclusion impact would strengthen this score."
184,Give Food,https://www.givefood.org.uk,39.3,37.3,2,0.78,LOW,NONE,C7_civic_tech,"Give Food gives its users genuine governance power, but it treats users as passive consumers rather than building their capabilities. More evidence of real-world inclusion impact would strengthen this score."
185,We Live It,https://www.welivedit.ai,39.2,39.2,0,0.93,LOW,NONE,C4_deployment,"We Live It demonstrates the deployment track record I look for, but it treats users as passive consumers rather than building their capabilities. More evidence of real-world inclusion impact would strengthen this score."
186,FixMyStreet,https://www.fixmystreet.com,39.2,39.2,0,1.0,LOW,LOW,C7_civic_tech,"The civic infrastructure framing of FixMyStreet fits my emerging political tech interest, but the target audience seems mainstream rather than excluded. More evidence of real-world inclusion impact would strengthen this score."
187,GovTrack.us,https://www.govtrack.us,39.2,39.2,0,1.0,LOW,LOW,C7_civic_tech,"The civic infrastructure framing of GovTrack.us fits my emerging political tech interest, though its user base appears to be already-enfranchised citizens. More evidence of real-world inclusion impact would strengthen this score."
188,WhatGov,https://www.whatgov.co.uk,39.2,39.2,0,1.0,LOW,NONE,C7_civic_tech,"WhatGov explicitly connects technology to democratic participation, though its user base appears to be already-enfranchised citizens. More evidence of real-world inclusion impact would strengthen this score."
189,Plausible Analytics,https://plausible.io,39.2,39.2,0,1.0,LOW,MEDIUM,C4_deployment,"There is concrete evidence that Plausible Analytics serves actual users, though its user base appears to be already-enfranchised citizens. More evidence of real-world inclusion impact would strengthen this score."
190,Shared Digital Guides,https://www.shareddigitalguides.org.uk,39.1,44.1,-5,0.93,LOW,NONE,C2_empowerment,Shared Digital Guides has limited alignment with what I look for in civic tech. A modifier penalty (-5) reflects concern about power digitisation without access expansion.
191,Open Contracting Partnership,https://www.open-contracting.org,39.1,44.1,-5,1.0,LOW,NONE,C4_deployment,"Open Contracting Partnership is governed by the people it serves, but it lacks the empowerment logic I prioritise. A modifier penalty (-5) reflects concern about power digitisation without access expansion."
192,Open Ownership,https://www.openownership.org,39.1,44.1,-5,1.0,LOW,NONE,C4_deployment,"Open Ownership explicitly connects technology to democratic participation, but it lacks the empowerment logic I prioritise. A modifier penalty (-5) reflects concern about power digitisation without access expansion."
193,Fundación Ciudadanía Inteligente,https://ciudadaniai.org,39.1,43.1,-4,1.0,LOW,NONE,C4_deployment,"There is concrete evidence that Fundación Ciudadanía Inteligente serves actual users, but I see no evidence it reaches marginalised communities. More evidence of real-world inclusion impact would strengthen this score."
194,MapIt,https://mapit.mysociety.org,39.1,43.1,-4,1.0,LOW,NONE,C4_deployment,"MapIt demonstrates the deployment track record I look for, though its user base appears to be already-enfranchised citizens. More evidence of real-world inclusion impact would strengthen this score."
195,Turn2us Benefits Calculator,https://benefits-calculator.turn2us.org.uk,38.4,32.4,6,1.0,LOW,NONE,C1_inclusion,"Turn2us Benefits Calculator has limited alignment with what I look for in civic tech, but its proprietary model limits replicability. More evidence of real-world inclusion impact would strengthen this score."
196,Cortico,https://cortico.ai/platform,38.3,36.3,2,1.0,LOW,NONE,C7_civic_tech,"Cortico explicitly connects technology to democratic participation, though the closed-source approach constrains volunteer contribution. More evidence of real-world inclusion impact would strengthen this score."
197,Missing Numbers,https://missingnumbers.org,38.3,36.3,2,1.0,LOW,NONE,C7_civic_tech,"Missing Numbers explicitly connects technology to democratic participation, though the closed-source approach constrains volunteer contribution. More evidence of real-world inclusion impact would strengthen this score."
198,Community Tech,https://www.communitytech.network,38.3,36.3,2,1.0,LOW,NONE,C7_civic_tech,"Community Tech explicitly connects technology to democratic participation, but its proprietary model limits replicability. More evidence of real-world inclusion impact would strengthen this score."
199,Open Council Data UK,https://opencouncildata.co.uk,38.3,36.3,2,1.0,LOW,NONE,C7_civic_tech,"The civic infrastructure framing of Open Council Data UK fits my emerging political tech interest, though I find no mechanism for leaving people more capable after use. More evidence of real-world inclusion impact would strengthen this score."
200,Watch Duty,https://www.watchduty.org,38.3,33.3,5,1.0,LOW,NONE,C4_deployment,"Watch Duty has limited alignment with what I look for in civic tech, but I see no evidence it reaches marginalised communities. More evidence of real-world inclusion impact would strengthen this score."
201,Public Media Stack,https://publicmediastack.com,38.2,38.2,0,1.0,LOW,NONE,C4_deployment,"There is concrete evidence that Public Media Stack serves actual users, but without open materials, others cannot build on this work. More evidence of real-world inclusion impact would strengthen this score."
202,django-collaborative,https://github.com/propublica/django-collaborative,38.2,38.2,0,1.0,LOW,NONE,C3_openness,"django-collaborative has limited alignment with what I look for in civic tech, though I find no mechanism for leaving people more capable after use. More evidence of real-world inclusion impact would strengthen this score."
203,Tracka,https://yourtracka.org,38.2,38.2,0,1.0,LOW,NONE,C7_civic_tech,"Tracka explicitly connects technology to democratic participation, though the closed-source approach constrains volunteer contribution. More evidence of real-world inclusion impact would strengthen this score."
204,soweego,https://soweego.readthedocs.io,38.2,38.2,0,1.0,LOW,NONE,C4_deployment,"soweego has limited alignment with what I look for in civic tech, but the target audience seems mainstream rather than excluded. More evidence of real-world inclusion impact would strengthen this score."
205,DISARM Frameworks,https://github.com/disarmfoundation/disarmframeworks,38.2,42.2,-4,1.0,LOW,NONE,C4_deployment,"DISARM Frameworks gives its users genuine governance power, but I see no evidence it reaches marginalised communities. More evidence of real-world inclusion impact would strengthen this score."
206,Interoperable Deliberative Tools,https://metagov.org/projects/interop,38.2,38.2,0,1.0,LOW,NONE,C4_deployment,"The civic infrastructure framing of Interoperable Deliberative Tools fits my emerging political tech interest, but the target audience seems mainstream rather than excluded. More evidence of real-world inclusion impact would strengthen this score."
207,Your Priorities,https://yrpri.org,38.1,43.1,-5,1.0,LOW,NONE,C4_deployment,"I value the community accountability structures in Your Priorities, but it treats users as passive consumers rather than building their capabilities. A modifier penalty (-5) reflects concern about power digitisation without access expansion."
208,GOV.UK Forms,https://www.forms.service.gov.uk,37.3,37.3,0,1.0,LOW,NONE,C4_deployment,GOV.UK Forms has limited alignment with what I look for in civic tech. More evidence of real-world inclusion impact would strengthen this score.
209,Full Fact AI,https://fullfact.org/ai,37.3,37.3,0,1.0,LOW,NONE,C4_deployment,"Full Fact AI is governed by the people it serves, but it lacks the empowerment logic I prioritise. More evidence of real-world inclusion impact would strengthen this score."
210,New_ Public Roundabout,https://newpublic.substack.com/p/introducing-roundabout-built-for,37.3,34.3,3,1.0,LOW,NONE,C7_civic_tech,"New_ Public Roundabout is governed by the people it serves, but it treats users as passive consumers rather than building their capabilities. More evidence of real-world inclusion impact would strengthen this score."
211,Mapped,https://mapped.commonknowledge.coop,37.3,35.3,2,1.0,LOW,NONE,C7_civic_tech,"The civic infrastructure framing of Mapped fits my emerging political tech interest, though its user base appears to be already-enfranchised citizens. More evidence of real-world inclusion impact would strengthen this score."
212,The Decelerator,https://decelerator.org.uk,37.3,34.3,3,1.0,LOW,NONE,C7_civic_tech,"The civic infrastructure framing of The Decelerator fits my emerging political tech interest, but the target audience seems mainstream rather than excluded. More evidence of real-world inclusion impact would strengthen this score."
213,Aragon,https://aragon.org,37.2,42.2,-5,1.0,LOW,LOW,C4_deployment,"The civic infrastructure framing of Aragon fits my emerging political tech interest, but it treats users as passive consumers rather than building their capabilities. A modifier penalty (-5) reflects concern about power digitisation without access expansion."
214,CoTech,https://coops.tech,37.2,40.2,-3,1.0,LOW,NONE,C5_governance,"The civic infrastructure framing of CoTech fits my emerging political tech interest, but it treats users as passive consumers rather than building their capabilities. More evidence of real-world inclusion impact would strengthen this score."
215,OpenProcurement,https://openprocurement.io,37.2,42.2,-5,1.0,LOW,NONE,C4_deployment,"OpenProcurement has moved beyond theory into real-world use, but it treats users as passive consumers rather than building their capabilities. A modifier penalty (-5) reflects concern about power digitisation without access expansion."
216,The Circuit,https://thecircuit.cc,36.3,36.3,0,1.0,LOW,NONE,C7_civic_tech,"The civic infrastructure framing of The Circuit fits my emerging political tech interest, but it lacks the empowerment logic I prioritise. More evidence of real-world inclusion impact would strengthen this score."
217,Objector.ai,https://www.objector.ai,36.3,33.3,3,1.0,LOW,NONE,C7_civic_tech,"The civic infrastructure framing of Objector.ai fits my emerging political tech interest, but it lacks the empowerment logic I prioritise. More evidence of real-world inclusion impact would strengthen this score."
218,Objector.ai,https://objector.ai,36.3,33.3,3,1.0,LOW,NONE,C7_civic_tech,"The civic infrastructure framing of Objector.ai fits my emerging political tech interest, but it lacks the empowerment logic I prioritise. More evidence of real-world inclusion impact would strengthen this score."
219,GrantNav,https://grantnav.threesixtygiving.org,36.3,34.3,2,1.0,LOW,NONE,C4_deployment,"GrantNav has limited alignment with what I look for in civic tech, though I find no mechanism for leaving people more capable after use. More evidence of real-world inclusion impact would strengthen this score."
220,Moral Machine,https://moralmachine.net,36.3,36.3,0,0.93,LOW,LOW,C4_deployment,"There is concrete evidence that Moral Machine serves actual users, but it treats users as passive consumers rather than building their capabilities. More evidence of real-world inclusion impact would strengthen this score."
221,TheyWorkForYou,https://www.theyworkforyou.com,36.3,36.3,0,1.0,LOW,NONE,C7_civic_tech,"TheyWorkForYou explicitly connects technology to democratic participation, though its user base appears to be already-enfranchised citizens. More evidence of real-world inclusion impact would strengthen this score."
222,Prolific,https://www.prolific.com,36.3,36.3,0,1.0,LOW,NONE,C4_deployment,"Prolific demonstrates the deployment track record I look for, though I find no mechanism for leaving people more capable after use. More evidence of real-world inclusion impact would strengthen this score."
223,semanticClimate,https://semanticclimate.github.io,36.3,36.3,0,0.93,LOW,NONE,C4_deployment,"semanticClimate has limited alignment with what I look for in civic tech, but the target audience seems mainstream rather than excluded. More evidence of real-world inclusion impact would strengthen this score."
224,Papertree,https://www.papertree.earth,36.2,41.2,-5,0.64,MEDIUM,NONE,C7_civic_tech,"The civic infrastructure framing of Papertree fits my emerging political tech interest, though I find no mechanism for leaving people more capable after use. A modifier penalty (-5) reflects concern about power digitisation without access expansion."
225,deliberAIde,https://www.deliberaide.com,36.2,39.2,-3,1.0,LOW,NONE,C4_deployment,"deliberAIde is governed by the people it serves, though the closed-source approach constrains volunteer contribution. More evidence of real-world inclusion impact would strengthen this score."
226,Choose a License,https://choosealicense.com,36.2,41.2,-5,1.0,LOW,LOW,C4_deployment,"Choose a License explicitly connects technology to democratic participation, but the target audience seems mainstream rather than excluded. A modifier penalty (-5) reflects concern about power digitisation without access expansion."
227,DeepSeek-V3,https://github.com/deepseek-ai/deepseek-v3,36.2,41.2,-5,1.0,LOW,MEDIUM,C4_deployment,"DeepSeek-V3 has moved beyond theory into real-world use, though its user base appears to be already-enfranchised citizens. A modifier penalty (-5) reflects concern about power digitisation without access expansion."
228,Who Targets Me Trends,https://trends.whotargets.me,35.3,33.3,2,1.0,LOW,NONE,C4_deployment,"The civic infrastructure framing of Who Targets Me Trends fits my emerging political tech interest, but I see no evidence it reaches marginalised communities. More evidence of real-world inclusion impact would strengthen this score."
229,The Data Trusts Initiative,https://datatrusts.uk,35.3,33.3,2,1.0,LOW,NONE,C7_civic_tech,"The Data Trusts Initiative gives its users genuine governance power, but the target audience seems mainstream rather than excluded. More evidence of real-world inclusion impact would strengthen this score."
230,Democracy Fund Open Source,https://www.dfos.com,35.3,35.3,0,0.93,LOW,NONE,C7_civic_tech,"Democracy Fund Open Source explicitly connects technology to democratic participation, though I find no mechanism for leaving people more capable after use. More evidence of real-world inclusion impact would strengthen this score."
231,Humanitarian Data Exchange,https://data.humdata.org,35.2,39.2,-4,0.93,LOW,NONE,C4_deployment,"Humanitarian Data Exchange demonstrates the deployment track record I look for, but it treats users as passive consumers rather than building their capabilities. More evidence of real-world inclusion impact would strengthen this score."
232,ОПОРА (Opora),https://www.oporaua.org,34.4,32.4,2,1.0,LOW,NONE,C7_civic_tech,"ОПОРА (Opora) gives its users genuine governance power, but it treats users as passive consumers rather than building their capabilities. More evidence of real-world inclusion impact would strengthen this score."
233,Metaculus,https://metaculus.com,34.2,39.2,-5,0.85,LOW,NONE,C5_governance,"I value the community accountability structures in Metaculus, though I find no mechanism for leaving people more capable after use. A modifier penalty (-5) reflects concern about power digitisation without access expansion."
234,Spartacus,https://spartacus.app,34.2,39.2,-5,1.0,LOW,NONE,C7_civic_tech,"The civic infrastructure framing of Spartacus fits my emerging political tech interest, but it treats users as passive consumers rather than building their capabilities. A modifier penalty (-5) reflects concern about power digitisation without access expansion."
235,EDGAR,https://github.com/bellingcat/edgar,34.2,39.2,-5,1.0,LOW,NONE,C3_openness,"EDGAR explicitly connects technology to democratic participation, though I find no mechanism for leaving people more capable after use. A modifier penalty (-5) reflects concern about power digitisation without access expansion."
236,CiviClick,https://civiclick.com,33.3,33.3,0,0.93,LOW,NONE,C7_civic_tech,"CiviClick explicitly connects technology to democratic participation, but it treats users as passive consumers rather than building their capabilities. More evidence of real-world inclusion impact would strengthen this score."
237,Open Letter,https://openletter.earth,33.3,33.3,0,0.93,LOW,NONE,C4_deployment,"Open Letter explicitly connects technology to democratic participation, but it treats users as passive consumers rather than building their capabilities. More evidence of real-world inclusion impact would strengthen this score."
238,UrbanistAI,https://site.urbanistai.com,33.3,36.3,-3,0.93,LOW,NONE,C4_deployment,"I value the community accountability structures in UrbanistAI, but it lacks the empowerment logic I prioritise. More evidence of real-world inclusion impact would strengthen this score."
239,Whoisology,https://whoisology.com,33.3,34.3,-1,1.0,LOW,NONE,C4_deployment,"Whoisology explicitly connects technology to democratic participation, though its user base appears to be already-enfranchised citizens. More evidence of real-world inclusion impact would strengthen this score."
240,Manifold Markets,https://manifold.markets,33.2,38.2,-5,1.0,LOW,LOW,C4_deployment,"Manifold Markets explicitly connects technology to democratic participation, though its user base appears to be already-enfranchised citizens. A modifier penalty (-5) reflects concern about power digitisation without access expansion."
241,Granicus,https://granicus.com/uk,32.4,32.4,0,1.0,LOW,NONE,C4_deployment,"There is concrete evidence that Granicus serves actual users, but its proprietary model limits replicability. More evidence of real-world inclusion impact would strengthen this score."
242,Deliberation & Technology (DelibTech) Network,https://www.demnext.org/projects/delibtech-network,32.4,29.4,3,1.0,LOW,NONE,C7_civic_tech,"Deliberation & Technology (DelibTech) Network explicitly connects technology to democratic participation, though its user base appears to be already-enfranchised citizens. More evidence of real-world inclusion impact would strengthen this score."
243,GOV Reuse Library,https://dev.reuselibrary.service.justice.gov.uk,32.3,33.3,-1,0.93,LOW,NONE,C4_deployment,"GOV Reuse Library has limited alignment with what I look for in civic tech, but it treats users as passive consumers rather than building their capabilities. More evidence of real-world inclusion impact would strengthen this score."
244,Go Vocal,https://www.govocal.com,32.3,37.3,-5,0.93,LOW,NONE,C4_deployment,"The civic infrastructure framing of Go Vocal fits my emerging political tech interest, but governance appears top-down with no beneficiary input. A modifier penalty (-5) reflects concern about power digitisation without access expansion."
245,Parti,https://parti.xyz,32.3,36.3,-4,1.0,LOW,NONE,C7_civic_tech,"Parti explicitly connects technology to democratic participation, though its user base appears to be already-enfranchised citizens. More evidence of real-world inclusion impact would strengthen this score."
246,Harmonica,https://harmonica.chat,32.3,35.3,-3,0.93,LOW,NONE,C4_deployment,"Harmonica explicitly connects technology to democratic participation, but I see no evidence it reaches marginalised communities. More evidence of real-world inclusion impact would strengthen this score."
247,Journalist Studio,https://journaliststudio.google.com,32.3,37.3,-5,1.0,LOW,LOW,C4_deployment,"Journalist Studio has moved beyond theory into real-world use, though its user base appears to be already-enfranchised citizens. A modifier penalty (-5) reflects concern about power digitisation without access expansion."
248,Mastodon C,https://www.mastodonc.com,32.3,37.3,-5,1.0,LOW,LOW,C4_deployment,"There is concrete evidence that Mastodon C serves actual users, though its user base appears to be already-enfranchised citizens. A modifier penalty (-5) reflects concern about power digitisation without access expansion."
249,postcodes.io,https://github.com/ideal-postcodes/postcodes.io,32.3,37.3,-5,1.0,LOW,LOW,C3_openness,"postcodes.io has limited alignment with what I look for in civic tech, but I see no evidence it reaches marginalised communities. A modifier penalty (-5) reflects concern about power digitisation without access expansion."
250,The Accountability Project,https://publicaccountability.org,31.4,29.4,2,0.93,LOW,NONE,C7_civic_tech,"The Accountability Project explicitly connects technology to democratic participation, though I find no mechanism for leaving people more capable after use. More evidence of real-world inclusion impact would strengthen this score."
251,Modular Politics,https://arxiv.org/abs/2005.13701,31.4,29.4,2,1.0,LOW,NONE,C7_civic_tech,"Modular Politics explicitly connects technology to democratic participation, but its proprietary model limits replicability. More evidence of real-world inclusion impact would strengthen this score."
252,Parliament Watch Uganda,https://parliamentwatch.ug,31.4,29.4,2,1.0,LOW,NONE,C7_civic_tech,"Parliament Watch Uganda explicitly connects technology to democratic participation, but it treats users as passive consumers rather than building their capabilities. More evidence of real-world inclusion impact would strengthen this score."
253,Right To Know,https://right-to-know.org,31.4,29.4,2,1.0,LOW,NONE,C7_civic_tech,"Right To Know explicitly connects technology to democratic participation, but it lacks the empowerment logic I prioritise. More evidence of real-world inclusion impact would strengthen this score."
254,River Sentiment Dashboard,https://riversentiment.app,31.4,31.4,0,0.93,LOW,NONE,C7_civic_tech,"The civic infrastructure framing of River Sentiment Dashboard fits my emerging political tech interest, though its user base appears to be already-enfranchised citizens. More evidence of real-world inclusion impact would strengthen this score."
255,ShineYourEye,https://www.shineyoureye.org,31.4,29.4,2,0.93,LOW,NONE,C7_civic_tech,"ShineYourEye explicitly connects technology to democratic participation, but it lacks the empowerment logic I prioritise. More evidence of real-world inclusion impact would strengthen this score."
256,Vote for Policies,https://voteforpolicies.org.uk,31.4,29.4,2,1.0,LOW,NONE,C7_civic_tech,"Vote for Policies explicitly connects technology to democratic participation, but it treats users as passive consumers rather than building their capabilities. More evidence of real-world inclusion impact would strengthen this score."
257,GreenPT,https://greenpt.ai,31.4,29.4,2,0.93,LOW,NONE,C4_deployment,"GreenPT has limited alignment with what I look for in civic tech, but the target audience seems mainstream rather than excluded. More evidence of real-world inclusion impact would strengthen this score."
258,Open Data Communities,https://opendatacommunities.org,31.3,35.3,-4,0.93,LOW,NONE,C7_civic_tech,"The civic infrastructure framing of Open Data Communities fits my emerging political tech interest, but it treats users as passive consumers rather than building their capabilities. More evidence of real-world inclusion impact would strengthen this score."
259,GOV.UK One Login,https://www.sign-in.service.gov.uk,31.3,35.3,-4,1.0,LOW,NONE,C4_deployment,"GOV.UK One Login has moved beyond theory into real-world use, but it lacks the empowerment logic I prioritise. More evidence of real-world inclusion impact would strengthen this score."
260,Pear by Holepunch,https://docs.holepunch.to,31.3,34.3,-3,1.0,LOW,NONE,C4_deployment,"Pear by Holepunch has limited alignment with what I look for in civic tech, but I see no evidence it reaches marginalised communities. More evidence of real-world inclusion impact would strengthen this score."
261,Citizens Advice Tableau Public Profile,https://public.tableau.com/app/profile/citizensadvice/vizzes,30.4,30.4,0,0.86,LOW,NONE,C7_civic_tech,"The civic infrastructure framing of Citizens Advice Tableau Public Profile fits my emerging political tech interest, but it treats users as passive consumers rather than building their capabilities. More evidence of real-world inclusion impact would strengthen this score."
262,The Guide to Major Trusts 2025/26,https://www.dsc.org.uk/publication/the-guide-to-major-trusts-2025-26,30.4,30.4,0,1.0,LOW,NONE,C4_deployment,"The Guide to Major Trusts 2025/26 has limited alignment with what I look for in civic tech, though the closed-source approach constrains volunteer contribution. More evidence of real-world inclusion impact would strengthen this score."
263,Fission Codes,https://github.com/fission-codes/fission-codes,30.3,35.3,-5,0.79,LOW,NONE,C3_openness,"Fission Codes has limited alignment with what I look for in civic tech, but it lacks the empowerment logic I prioritise. A modifier penalty (-5) reflects concern about power digitisation without access expansion."
264,Dunadyne,https://dunadyne.org,30.2,38.2,-8,0.93,LOW,NONE,C4_deployment,"The civic infrastructure framing of Dunadyne fits my emerging political tech interest, though the closed-source approach constrains volunteer contribution. A modifier penalty (-8) reflects concern about power digitisation without access expansion."
265,Entitledto,https://entitledto.co.uk,30,36.3,11,0.78,LOW,NONE,C1_inclusion,"Entitledto has limited alignment with what I look for in civic tech, but it treats users as passive consumers rather than building their capabilities. The strong modifier boost (+11) reflects alignment with excluded-population and volunteer-driven values."
266,DoGooder,https://dogooder.co,30,31.4,0,0.78,LOW,NONE,C7_civic_tech,"DoGooder explicitly connects technology to democratic participation, though the closed-source approach constrains volunteer contribution. More evidence of real-world inclusion impact would strengthen this score."
267,Sci-Hub,https://sci-hub.se,30,31.4,9,0.78,LOW,NONE,C7_civic_tech,"The civic infrastructure framing of Sci-Hub fits my emerging political tech interest, but its proprietary model limits replicability. The strong modifier boost (+9) reflects alignment with excluded-population and volunteer-driven values."
268,Agreement Engine,https://medium.com/metagov/introducing-the-agreement-engine-bf03b6d5c16c,30,31.4,2,0.78,LOW,NONE,C7_civic_tech,"Agreement Engine explicitly connects technology to democratic participation, though deployment evidence is thin. More evidence of real-world inclusion impact would strengthen this score."
269,Members' Interests,https://membersinterests.org.uk,30,31.4,0,0.78,LOW,NONE,C7_civic_tech,"The civic infrastructure framing of Members' Interests fits my emerging political tech interest, though its user base appears to be already-enfranchised citizens. More evidence of real-world inclusion impact would strengthen this score."
270,Hand-Written Petition Scanner,https://hand-written-petition-scanner.streamlit.app,30,34.3,7,0.64,MEDIUM,NONE,C7_civic_tech,"The civic infrastructure framing of Hand-Written Petition Scanner fits my emerging political tech interest, though I find no mechanism for leaving people more capable after use. More evidence of real-world inclusion impact would strengthen this score."
271,Membership,https://medium.com/@abscond/membership-a-prototype-ea822b2683b,30,34.3,7,0.64,MEDIUM,NONE,C7_civic_tech,"Membership could survive its founders leaving because the code and materials are open, but it treats users as passive consumers rather than building their capabilities. More evidence of real-world inclusion impact would strengthen this score."
272,Worker Info Exchange,https://www.workerinfoexchange.org,29.5,27.5,2,1.0,LOW,NONE,C7_civic_tech,"The civic infrastructure framing of Worker Info Exchange fits my emerging political tech interest, but the target audience seems mainstream rather than excluded. More evidence of real-world inclusion impact would strengthen this score."
273,Gender Pay Gap Service,https://gender-pay-gap.service.gov.uk,29.4,29.4,0,1.0,LOW,NONE,C7_civic_tech,"Gender Pay Gap Service explicitly connects technology to democratic participation, but it lacks the empowerment logic I prioritise. More evidence of real-world inclusion impact would strengthen this score."
274,Open Access – Transparency International UK,https://openaccess.transparency.org.uk,29.4,32.4,-3,0.78,LOW,NONE,C7_civic_tech,"Open Access – Transparency International UK explicitly connects technology to democratic participation, though I find no mechanism for leaving people more capable after use. More evidence of real-world inclusion impact would strengthen this score."
275,OpenOrigins,https://www.openorigins.com,29.3,34.3,-5,1.0,LOW,NONE,C4_deployment,"OpenOrigins demonstrates the deployment track record I look for, though its user base appears to be already-enfranchised citizens. A modifier penalty (-5) reflects concern about power digitisation without access expansion."
276,Fatebook,https://fatebook.io,29.3,34.3,-5,1.0,LOW,LOW,C4_deployment,"There is concrete evidence that Fatebook serves actual users, though its user base appears to be already-enfranchised citizens. A modifier penalty (-5) reflects concern about power digitisation without access expansion."
277,UK Housing Data Standards,https://hact.org.uk/tools-and-services/uk-housing-data-standards,29.3,34.3,-5,1.0,LOW,NONE,C5_governance,"I value the community accountability structures in UK Housing Data Standards, though its user base appears to be already-enfranchised citizens. A modifier penalty (-5) reflects concern about power digitisation without access expansion."
278,Local Deep Researcher,https://local-deep-researcher-hnmh.vercel.app,28.4,32.4,-4,0.41999999999999993,MEDIUM,NONE,C7_civic_tech,"Local Deep Researcher explicitly connects technology to democratic participation, but without open materials, others cannot build on this work. Dossier gaps (completeness 0.42) mean this score carries uncertainty."
279,OA.Report,https://oa.report,28.4,31.4,-3,1.0,LOW,NONE,C4_deployment,"The civic infrastructure framing of OA.Report fits my emerging political tech interest, though the closed-source approach constrains volunteer contribution. More evidence of real-world inclusion impact would strengthen this score."
280,WardWatch,https://wardwatch.uk,28.4,30.4,-2,1.0,LOW,NONE,C7_civic_tech,"WardWatch explicitly connects technology to democratic participation, though the closed-source approach constrains volunteer contribution. More evidence of real-world inclusion impact would strengthen this score."
281,CAN/DGSI 127 - Age Assurance Technologies Standard,https://dgc-cgn.org/product/can-dgsi-127,28.4,28.4,0,1.0,LOW,NONE,C7_civic_tech,"The civic infrastructure framing of CAN/DGSI 127 - Age Assurance Technologies Standard fits my emerging political tech interest, but without open materials, others cannot build on this work. More evidence of real-world inclusion impact would strengthen this score."
282,CivicMatch,https://civicmatch.app,28.4,28.4,0,0.86,LOW,NONE,C7_civic_tech,"CivicMatch explicitly connects technology to democratic participation, but it lacks the empowerment logic I prioritise. More evidence of real-world inclusion impact would strengthen this score."
283,Marks Out Of Tenancy,https://www.marksoutoftenancy.com,28.4,31.4,-3,1.0,LOW,NONE,C7_civic_tech,"The civic infrastructure framing of Marks Out Of Tenancy fits my emerging political tech interest, but without open materials, others cannot build on this work. More evidence of real-world inclusion impact would strengthen this score."
284,Yoti,https://www.yoti.com,28.4,28.4,0,1.0,LOW,NONE,C4_deployment,"Yoti has limited alignment with what I look for in civic tech, but it treats users as passive consumers rather than building their capabilities. More evidence of real-world inclusion impact would strengthen this score."
285,Find local consultations,https://gov.uk/find-local-consultations,27.5,27.5,0,1.0,LOW,NONE,C7_civic_tech,"Find local consultations explicitly connects technology to democratic participation, but without open materials, others cannot build on this work. More evidence of real-world inclusion impact would strengthen this score."
286,COTSI (Cyber Operational Threat Situational Intelligence),https://cotsi.org,27.5,24.5,3,1.0,LOW,NONE,C4_deployment,"The civic infrastructure framing of COTSI (Cyber Operational Threat Situational Intelligence) fits my emerging political tech interest, though I find no mechanism for leaving people more capable after use. More evidence of real-world inclusion impact would strengthen this score."
287,Nook CRM,https://nookcrm.com,27.4,32.4,-5,1.0,LOW,NONE,C7_civic_tech,"Nook CRM explicitly connects technology to democratic participation, but its proprietary model limits replicability. A modifier penalty (-5) reflects concern about power digitisation without access expansion."
288,GOV.UK Pay,https://www.payments.service.gov.uk,27.4,31.4,-4,1.0,LOW,NONE,C4_deployment,"GOV.UK Pay has limited alignment with what I look for in civic tech, but it lacks the empowerment logic I prioritise. More evidence of real-world inclusion impact would strengthen this score."
289,Granitt,https://granitt.io,26.4,29.4,-3,0.93,LOW,NONE,C7_civic_tech,"Granitt explicitly connects technology to democratic participation, though I find no mechanism for leaving people more capable after use. More evidence of real-world inclusion impact would strengthen this score."
290,DoNotPay,https://www.donotpay.com,26.4,31.4,-5,0.93,LOW,NONE,C4_deployment,"DoNotPay has moved beyond theory into real-world use, though I find no mechanism for leaving people more capable after use. A modifier penalty (-5) reflects concern about power digitisation without access expansion."
291,UK Parliament Developer Portal,https://developer.parliament.uk,25.5,25.5,0,0.78,LOW,NONE,C7_civic_tech,"UK Parliament Developer Portal explicitly connects technology to democratic participation, but its proprietary model limits replicability. More evidence of real-world inclusion impact would strengthen this score."
292,Consciousness Evolution Operating System (ConSoc),https://www.consoc.io,25.5,25.5,0,0.5,MEDIUM,NONE,C5_governance,"Consciousness Evolution Operating System (ConSoc) gives its users genuine governance power, though its user base appears to be already-enfranchised citizens. More evidence of real-world inclusion impact would strengthen this score."
293,PlanIT,https://planit.org.uk,25.4,28.4,-3,0.78,LOW,NONE,C7_civic_tech,"The civic infrastructure framing of PlanIT fits my emerging political tech interest, but its proprietary model limits replicability. More evidence of real-world inclusion impact would strengthen this score."
294,Plinth,https://www.plinth.org.uk,25.4,30.4,-5,1.0,LOW,NONE,C6_people_scale,"Plinth has limited alignment with what I look for in civic tech, but it treats users as passive consumers rather than building their capabilities. A modifier penalty (-5) reflects concern about power digitisation without access expansion."
295,Empurrando Juntas (EJ),https://sobre.ejparticipe.org,25.4,28.4,-3,0.93,LOW,NONE,C7_civic_tech,"Empurrando Juntas (EJ) explicitly connects technology to democratic participation, but I see no evidence it reaches marginalised communities. More evidence of real-world inclusion impact would strengthen this score."
296,MyActionCenter,https://www.myaction.center,25.4,28.4,-3,0.93,LOW,NONE,C7_civic_tech,"MyActionCenter explicitly connects technology to democratic participation, though its user base appears to be already-enfranchised citizens. More evidence of real-world inclusion impact would strengthen this score."
297,Nestr,https://nestr.io,25.4,28.4,-3,1.0,LOW,NONE,C7_civic_tech,"Nestr explicitly connects technology to democratic participation, though I find no mechanism for leaving people more capable after use. More evidence of real-world inclusion impact would strengthen this score."
298,Esper,https://esper.com/product,24.5,27.5,-3,1.0,LOW,NONE,C4_deployment,"Esper does not demonstrate the inclusion or empowerment focus I prioritise, though I find no mechanism for leaving people more capable after use. More evidence of real-world inclusion impact would strengthen this score."
299,PoliMonitor,https://www.polimonitor.com,24.5,27.5,-3,0.93,LOW,NONE,C7_civic_tech,"The civic infrastructure framing of PoliMonitor fits my emerging political tech interest, but its proprietary model limits replicability. More evidence of real-world inclusion impact would strengthen this score."
300,Unknown,https://tracking-template-38b4c.web.app,N/A,N/A,N/A,0.14,HIGH,NONE,N/A,ABSTAIN: insufficient dossier evidence for constitutional criteria
301,Libertrium,https://liberopinion.com,24.4,29.4,-5,1.0,LOW,NONE,C7_civic_tech,"Libertrium explicitly connects technology to democratic participation, but its proprietary model limits replicability. A modifier penalty (-5) reflects concern about power digitisation without access expansion."
302,Local Insight,https://localinsight.org,24.4,29.4,-5,1.0,LOW,NONE,C4_deployment,"Local Insight does not demonstrate the inclusion or empowerment focus I prioritise, though I find no mechanism for leaving people more capable after use. A modifier penalty (-5) reflects concern about power digitisation without access expansion."
303,User Research Library,https://research.localgov.digital,24.4,28.4,-4,1.0,LOW,NONE,C4_deployment,"User Research Library does not demonstrate the inclusion or empowerment focus I prioritise, but it treats users as passive consumers rather than building their capabilities. More evidence of real-world inclusion impact would strengthen this score."
304,RightDD,https://www.rightsdd.com,24.4,30.4,-6,1.0,LOW,NONE,C4_deployment,"RightDD explicitly connects technology to democratic participation, though its user base appears to be already-enfranchised citizens. A modifier penalty (-6) reflects concern about power digitisation without access expansion."
305,Service Manual,https://www.gov.uk/service-manual,23.5,27.5,-4,1.0,LOW,NONE,C4_deployment,"Service Manual does not demonstrate the inclusion or empowerment focus I prioritise, but without open materials, others cannot build on this work. More evidence of real-world inclusion impact would strengthen this score."
306,Registers and collaboration: making lists we can trust,https://theodi.org/insights/reports/registers-and-collaboration-making-lists-we-can-trust-report,23.5,27.5,-4,1.0,LOW,NONE,C4_deployment,"Registers and collaboration: making lists we can trust does not demonstrate the inclusion or empowerment focus I prioritise, but it treats users as passive consumers rather than building their capabilities. More evidence of real-world inclusion impact would strengthen this score."
307,Polimorphic,https://www.polimorphic.com,23.4,28.4,-5,0.93,LOW,NONE,C4_deployment,"Polimorphic does not demonstrate the inclusion or empowerment focus I prioritise, but it lacks the empowerment logic I prioritise. A modifier penalty (-5) reflects concern about power digitisation without access expansion."
308,Collab.Land,https://collab.land,23.4,28.4,-5,1.0,LOW,NONE,C4_deployment,"Collab.Land has moved beyond theory into real-world use, but its proprietary model limits replicability. A modifier penalty (-5) reflects concern about power digitisation without access expansion."
309,Organise,https://www.organise.org.uk,23.4,28.4,-5,1.0,LOW,NONE,C7_civic_tech,"The civic infrastructure framing of Organise fits my emerging political tech interest, but it lacks the empowerment logic I prioritise. A modifier penalty (-5) reflects concern about power digitisation without access expansion."
310,Parallel Parliament,https://www.parallelparliament.co.uk,22.5,25.5,-3,1.0,LOW,NONE,C7_civic_tech,"Parallel Parliament explicitly connects technology to democratic participation, but I see no evidence it reaches marginalised communities. More evidence of real-world inclusion impact would strengthen this score."
311,Labour Xchange,https://labourxchange.uk,21.5,26.5,-5,1.0,LOW,NONE,C4_deployment,"Labour Xchange does not demonstrate the inclusion or empowerment focus I prioritise, but its proprietary model limits replicability. A modifier penalty (-5) reflects concern about power digitisation without access expansion."
312,CrowdJustice,https://www.crowdjustice.com,21.5,26.5,-5,0.85,LOW,NONE,C7_civic_tech,"The civic infrastructure framing of CrowdJustice fits my emerging political tech interest, but it treats users as passive consumers rather than building their capabilities. A modifier penalty (-5) reflects concern about power digitisation without access expansion."
313,Unknown Academic Paper (SSRN 5351275),https://papers.ssrn.com/sol3/papers.cfm?abstract_id=5351275,N/A,N/A,N/A,0.13999999999999999,HIGH,NONE,N/A,ABSTAIN: insufficient dossier evidence for constitutional criteria
314,PolicyMogul,https://policymogul.com,20.5,25.5,-5,0.93,LOW,NONE,C4_deployment,"PolicyMogul does not demonstrate the inclusion or empowerment focus I prioritise, though I find no mechanism for leaving people more capable after use. A modifier penalty (-5) reflects concern about power digitisation without access expansion."
315,Overton,https://overton.io,20.5,25.5,-5,1.0,LOW,NONE,C7_civic_tech,"Overton explicitly connects technology to democratic participation, but it lacks the empowerment logic I prioritise. A modifier penalty (-5) reflects concern about power digitisation without access expansion."
316,PostBug,https://postbug.com,20.5,25.5,-5,1.0,LOW,NONE,C7_civic_tech,"PostBug explicitly connects technology to democratic participation, but the target audience seems mainstream rather than excluded. A modifier penalty (-5) reflects concern about power digitisation without access expansion."
317,Violation Tracker UK,https://violationtrackeruk.goodjobsfirst.org,20.5,25.5,-5,0.78,LOW,NONE,C7_civic_tech,"Violation Tracker UK explicitly connects technology to democratic participation, but the target audience seems mainstream rather than excluded. A modifier penalty (-5) reflects concern about power digitisation without access expansion."
318,GovWise,https://www.govwise.ai/en,18.5,24.5,-6,0.93,LOW,NONE,C4_deployment,"GovWise does not demonstrate the inclusion or empowerment focus I prioritise, but its proprietary model limits replicability. A modifier penalty (-6) reflects concern about power digitisation without access expansion."
319,WorkInCharities,https://www.workincharities.co.uk,18.5,23.5,-5,0.93,LOW,NONE,C4_deployment,"WorkInCharities does not demonstrate the inclusion or empowerment focus I prioritise, but the target audience seems mainstream rather than excluded. A modifier penalty (-5) reflects concern about power digitisation without access expansion."
320,OpenAudience,https://openaudience.org,18.5,23.5,-5,1.0,LOW,NONE,C7_civic_tech,"The civic infrastructure framing of OpenAudience fits my emerging political tech interest, though I find no mechanism for leaving people more capable after use. A modifier penalty (-5) reflects concern about power digitisation without access expansion."
321,Public Editor,https://www.publiceditor.io,16.6,21.6,-5,0.78,LOW,NONE,C7_civic_tech,"Public Editor does not demonstrate the inclusion or empowerment focus I prioritise, but it treats users as passive consumers rather than building their capabilities. A modifier penalty (-5) reflects concern about power digitisation without access expansion."
