rank,name,url,jury_mean,n_votes,rationale
1,CONSUL Democracy,https://consulproject.org,90.4,5,"CONSUL Democracy robustly meets campaign infrastructure, information warfare, and evidence-based decision criteria, demonstrates significant participatory democracy impact, is open source, internation"
2,Guardian Project,https://guardianproject.info,89.4,5,"Guardian Project strongly advances privacy, digital security, and protection for marginalised and at-risk communities globally, with high marks for campaign infrastructure, information warfare resilie"
3,Tor Project,https://www.torproject.org,88.4,5,"Tor Project robustly advances campaign infrastructure, information warfare resilience, privacy, and cross-context deployment for marginalized and general users, with strong open-source and progressive"
4,Mastodon,https://github.com/mastodon/mastodon,85.8,10,"Mastodon demonstrates strong campaign infrastructure, decentralised information resilience, and open-source, multi-channel delivery, with clear progressive alignment and service to marginalised commun"
5,Humanitarian OpenStreetMap Team (HOT),https://www.hotosm.org,85.8,5,"HOT demonstrates strong campaign infrastructure, information resilience, participatory mapping for marginalized communities, and climate/social justice alignment, with bonus points for progressive val"
6,Polis,https://github.com/compdemocracy/polis,84.8,5,"Polis demonstrates strong alignment with participatory democracy and open-source principles, providing scalable infrastructure for evidence-based public deliberation, though its impact depends on faci"
7,Security First / Umbrella,https://secfirst.org,84.4,5,"Security First/Umbrella provides open-source, widely adopted digital and physical security tools for journalists and activists in high-risk environments, strongly supporting information warfare resili"
8,Fundación Ciudadanía Inteligente,https://ciudadaniai.org,82,5,"Fundación Ciudadanía Inteligente demonstrates strong participatory democracy and evidence-based advocacy through open civic tools and climate accountability platforms, with partial open source and pra"
9,Activist Handbook,https://activisthandbook.org,81.8,5,"Activist Handbook strongly supports participatory democracy and grassroots organising with practical, evidence-based resources, demonstrates credible practitioner alignment, multi-channel delivery, pa"
10,Open Contracting Partnership,https://www.open-contracting.org,81,5,"Open Contracting Partnership strongly advances campaign infrastructure, information warfare resilience, and evidence-based decision-making through open data and cross-sectoral engagement, with moderat"
11,Atlas of Surveillance,https://atlasofsurveillance.org,80,5,"Atlas of Surveillance strongly advances civic data transparency and accountability around police technology, with robust campaign infrastructure, information warfare countermeasures, and participatory"
12,Ushahidi,https://www.ushahidi.com,79.8,24,"Ushahidi enables crowdsourced community organising and information warfare countermeasures through real-time reporting, scoring highly on C2 and C4 with strong cross-context transferability via intern"
13,Open Council Network,https://opencouncil.network,79.6,5,"Open Council Network robustly advances participatory democracy and transparency at the local level through open source tools and community-led governance, with strong evidence for campaign infrastruct"
14,mySociety Datasets and APIs,https://data.mysociety.org,79.4,5,"mySociety Datasets and APIs provide open, scalable, and evidence-based civic data infrastructure that supports participatory democracy, transparency, and international collaboration, with strong open "
15,CiviCRM,https://civicrm.org,79.2,24,"This mature open-source CRM shines in campaign infrastructure (C1), evidence-based decisions (C3), and global transferability (C6) for advocacy groups, with strong community aspects (C4); modifiers he"
16,Talk to the City,https://talktothecity.org,79,5,"Talk to the City demonstrates strong participatory democracy infrastructure, evidence-based deployment, and use by both citizens and marginalized groups, with modest progressive alignment, partial ope"
17,Bellingcat Online Investigation Toolkit,https://bellingcat.gitbook.io/toolkit,78.6,5,"Bellingcat's Online Investigation Toolkit provides widely accessible, open source infrastructure for investigative journalism and counter-disinformation, supporting evidence-based decisions and partic"
18,Campaign Tracker,https://www.campaigntracker.nl/en,78.4,5,"Campaign Tracker robustly advances campaign infrastructure, information warfare countermeasures, and evidence-based transparency in Dutch political advertising, with strong practitioner credibility, p"
19,vTaiwan,https://github.com/g0v/vue.vtaiwan.tw,78.3,9,"Strong community organising (C4: 12) and evidence-based decision-making (C3: 16), with cross-context transferability (C6: 6) and open-source accessibility (M6: +4). Progressive alignment (M1: +6) and "
20,Open Collective,https://opencollective.com,78,5,"Open Collective provides transparent, open source infrastructure for grassroots and mutual aid groups, with strong evidence of progressive alignment and practitioner credibility, though its limitation"
21,Democracy Club Developer API,https://developers.democracyclub.org.uk/api/v1,77.8,5,"Democracy Club Developer API provides open, evidence-based, and privacy-conscious election infrastructure that improves voter access and transparency, with strong practitioner credibility, progressive"
22,ODK (Open Data Kit),https://getodk.org,77.6,5,"ODK demonstrates strong campaign infrastructure, evidence-based decision support, and global scalability for civic data collection, though its primary users are professionals and NGOs rather than gras"
23,Your Priorities,https://yrpri.org,76.8,5,"Your Priorities demonstrates strong participatory democracy infrastructure and evidence of real-world impact, with moderate open source commitment, partial progressive alignment, and some practitioner"
24,Worker Info Exchange,https://www.workerinfoexchange.org,76.6,5,"Worker Info Exchange strongly advances worker agency and participatory democracy through data rights advocacy and platform accountability, scoring highly on campaign infrastructure, information warfar"
25,Decidim,https://decidim.org,76.5,24,"Decidim strongly aligns with C4 for grassroots mobilisation, C2 for safe counter-disinfo participation, and C5/C6 for GDPR-native, cross-context deployment in multiple countries, with good C1/C3 suppo"
26,One Project,https://oneproject.org,76.4,5,"One Project delivers open source infrastructure for economic democracy and participatory governance, scoring highly on campaign infrastructure, evidence-based decisions, and progressive alignment, but"
27,Principles for Public Participation in Procurement of AI,https://p4ai.net,76.2,5,"The project advances participatory democracy by embedding public input into AI procurement, demonstrates evidence-based methodology and cross-jurisdictional adoption, and earns positive modifiers for "
28,Citizen OS,https://citizenos.com/platform,75.2,5,"Citizen OS provides open-source, evidence-backed participatory democracy infrastructure with strong community governance, but shows limited reach beyond Estonia and lacks explicit focus on marginalise"
29,Relational Tech Project,https://relationaltechproject.org,74.8,5,"Relational Tech Project demonstrates strong grassroots, participatory, and open-source credentials with a clear focus on community organizing and digital rights, but lacks explicit evidence on informa"
30,Framework for Meaningful Engagement 2.0,https://ecnl.org/publications/framework-meaningful-engagement-20?mc_cid=b1c5158063&mc_eid=a09c64ec38,74.6,5,"The project advances participatory AI governance and rights-based engagement with civil society and marginalized groups, scoring well on campaign infrastructure, evidence-based approaches, and open so"
31,Cybersecurity for Democracy,https://cybersecurityfordemocracy.org,74,5,"Cybersecurity for Democracy demonstrates strong impact on information warfare, campaign infrastructure, and evidence-based decision-making, with open-source outputs and policy influence, though its pr"
32,Open Supply Hub,https://opensupplyhub.org,74,5,"Open Supply Hub demonstrates strong alignment with campaign infrastructure, information transparency, and evidence-based advocacy, but its direct impact on participatory democracy and marginalised com"
33,Internet Archive Wayback Machine,https://web.archive.org,74,5,"The Internet Archive Wayback Machine provides vital open access infrastructure supporting information freedom and knowledge preservation, with strong evidence of open source practice, multi-channel ac"
34,GlobaLeaks,https://www.globaleaks.org,73.6,24,"GlobaLeaks excels in my evaluation for its core focus on countering information warfare through secure whistleblowing (C2) and privacy-by-design (C5), aligning with anti-establishment resistance to su"
35,Constitute Project,https://constituteproject.org,73.6,5,"Constitute Project provides open, accessible constitutional data supporting participatory democracy and civic data goals, with clear evidence of use by reform commissions and international organizatio"
36,Matrix,https://matrix.org,73.3,24,"High on C2 (16) for secure comms countering disinfo, C4 (10) for activist mobilisation, C5 (11) privacy-native design, and C6 (6) international use, with solid C1/C3 (8 each) for outreach tools; howev"
37,Gapminder Worldview Upgrader,https://upgrader.gapminder.org,73.2,5,"Gapminder Worldview Upgrader scores well for evidence-based decision-making, information warfare (misinformation correction), and campaign infrastructure for public education, with additional points f"
38,Riseup,https://riseup.net,73.1,24,"Secure communication tools strongly support campaign infrastructure (C1), counter-disinformation security (C2), volunteer mobilisation (C4), privacy-by-design (C5), and global transferability (C6), al"
39,HURIDOCS,https://github.com/huridocs,73,9,"HURIDOCS strongly addresses campaign infrastructure, information management for justice, and open source evidence-based tools serving human rights defenders and marginalized communities, with addition"
40,Creative Commons,https://creativecommons.org,72.8,5,"Creative Commons advances open licensing and public interest infrastructure globally, scoring strongly on campaign infrastructure, evidence-based advocacy, and cross-context deployment, with positive "
41,The Circuit,https://thecircuit.cc,72.8,5,"The Circuit advances judicial accountability and racial equity through data-driven, public-facing investigative journalism, strongly serving information warfare and evidence-based criteria, with moder"
42,Who Targets Me Trends,https://trends.whotargets.me,72.8,5,"Who Targets Me Trends provides valuable infrastructure and transparency for digital political advertising and supports information warfare countermeasures and evidence-based decisions, but its primary"
43,LittleSis,https://littlesis.org,72.7,24,"Core strength in information warfare analysis via power mapping (C2: 18), supporting evidence-based research (C3: 16) and tangential campaign use (C1: 8), community for activists (C4: 6), open-source "
44,VFRAME,https://vframe.io,72.5,24,"I award a solid score for its strengths in C2 and C3 through AI-powered OSINT for countering war-related disinformation and enabling evidence-based human rights investigations, though it falls short i"
45,In the news,https://en.wikipedia.org/wiki/wikipedia:in_the_news,72,5,"The project demonstrates strong campaign infrastructure, information access, and community ownership through a global, volunteer-driven, consensus-based process, but lacks explicit evidence on informa"
46,Strike Map,https://strikemap.org,71.8,5,"Strike Map demonstrates strong alignment with participatory democracy and grassroots organizing, scoring well on campaign infrastructure, community organizing, and evidence-based approaches, with posi"
47,Open Ownership,https://www.openownership.org,71.6,5,"Open Ownership advances campaign infrastructure, information warfare resistance, and evidence-based reforms for transparency, but its primary users are institutional and there is limited evidence of d"
48,Political Advertising Transparency Data Standard,https://github.com/whotargetsme/ad-transparency-standards/blob/main/implement.md,71.4,5,"The project robustly advances campaign infrastructure, information warfare resilience, and evidence-based transparency in political advertising, with open source standards and international reach, tho"
49,Global Fact-Check Bot (GFC),https://globalfactcheck.bot,71.4,5,"Global Fact-Check Bot demonstrates strong alignment with campaign infrastructure, information warfare, and evidence-based decision criteria, with moderate community organizing and privacy attention, a"
50,Rahvaalgatus,https://github.com/rahvaalgatus/rahvaalgatus,71.2,5,"Rahvaalgatus demonstrates strong participatory democracy infrastructure and open-source, community-driven governance, but lacks clear evidence on information warfare countermeasures, privacy/GDPR comp"
51,Alaveteli,https://alaveteli.org,71.1,24,"Strong on C2 for countering info opacity through FOI requests and C4 for citizen mobilisation, with solid C5 privacy via open source and C6 cross-context deployment in 25+ countries; as a disruption-s"
52,Aleph (OCCRP),https://aleph.occrp.org,71.0,24,"High marks on C2 for tracking disinformation in corruption data and C3 for evidence-based investigations, but docked on C1 for indirect campaign use and C5 due to centralised control; I heavily penali"
53,Participedia,https://participedia.net,70.8,9,"Participedia provides a robust, open-source, international platform documenting participatory democracy methods and cases, scoring highly on campaign infrastructure, evidence-based decision support, a"
54,Mozilla Data Collective,https://datacollective.mozillafoundation.org,70.8,5,"Mozilla Data Collective demonstrates strong alignment with participatory data practices, open source ethos, and global community service, but its early stage and limited evidence on direct campaign in"
55,Murmurations Protocol,https://murmurations.network,70.6,5,"Murmurations Protocol advances open, interoperable infrastructure for civil society collaboration and serves marginalised cooperative movements, but shows limited evidence of large-scale campaign use,"
56,The Government Says,https://thegovernmentsays.com,70.6,5,"The project provides open, real-time access to UK government press releases, supporting transparency and journalism, with strong evidence for campaign infrastructure, information access, open source s"
57,LiquidFeedback,https://liquidfeedback.com,70.5,24,"Outstanding for community organising and decision-making (C4: 12), with strong campaign infrastructure for proposals (C1: 15), evidence-based evaluation (C3: 14), moderate disinformation tracking (C2:"
58,Pursuance Project,https://pursuanceproject.org,70.4,5,"Pursuance Project demonstrates strong alignment with participatory democracy and digital rights through its open source, community-owned platform for activists and nonprofits, but lacks evidence of im"
59,Spacetube,https://spacetu.be,70.4,5,"Spacetube is a grassroots, open source group-to-group chat tool built on Matrix that directly supports organizing and participatory democracy, with strong alignment on campaign infrastructure and priv"
60,The Commons Social Change Library,https://commonslibrary.org,70.2,5,"The Commons Social Change Library provides valuable infrastructure for campaigners and activists with a strong participatory and social justice orientation, but lacks evidence of direct information wa"
61,AlgorithmWatch,https://algorithmwatch.org,69.8,24,"Excels in C2 for analysing AI-driven disinformation and C3 for evidence-based policy research, with good C6 transferability across 11 countries; however, from my anti-establishment lens, I reduce scor"
62,Wikidata,https://www.wikidata.org,69.8,24,"Wikidata offers a global open knowledge base for data-driven analysis, excelling in C3 and cross-context applicability under C6, with tangential benefits for campaigns and info warfare in C1 and C2. M"
63,Privacy Badger,https://privacybadger.org,69.8,5,"Privacy Badger robustly advances privacy and digital rights for general internet users and marginalized groups like activists and journalists, scoring highly on privacy and information warfare, but la"
64,DoGooder,https://dogooder.co,69.6,19,"This platform excels in campaign infrastructure for grassroots advocacy (C1:18) and community mobilisation (C4:11), with strong cross-context deployment (C6:6) and some evidence-based features implied"
65,Loomio,https://www.loomio.org,69.4,24,"Loomio shines for volunteer mobilisation in political movements (C4) and evidence-supported collaborative decisions (C3), with campaign utility (C1) and international applicability (C6), fitting my an"
66,ОПОРА (Opora),https://www.oporaua.org,69.0,24,"Strong on campaign infrastructure for election monitoring (C1: 16), info warfare (C2: 18), and evidence-based evaluation (C3: 16), with solid organising (C4: 10); privacy unmentioned but contextual (C"
67,Landlord Tech Watch,https://antievictionmappingproject.github.io/landlordtech,68.6,5,"Landlord Tech Watch provides open-source, grassroots infrastructure and civic data highlighting power imbalances in housing, serving marginalized tenants and advocates, but lacks clear evidence of cam"
68,SecureDrop,https://securedrop.org,68.2,24,"Whistleblower submission system scores moderately on campaign infrastructure (C1: 9) for enabling secure communications, strong on information warfare (C2: 15) by facilitating leak-based counter-disin"
69,Open Referral UK,https://openreferraluk.org,68.2,5,"Open Referral UK advances campaign infrastructure and evidence-based decisions via open standards for community service data, but its primary users are institutional rather than grassroots, and there "
70,PolicyEngine,https://policyengine.org/uk,68.1,24,"PolicyEngine shines in evidence-based policy simulation (C3: 18) and has moderate campaign utility for advocacy (C1: 9), with good privacy via open-source (C5: 9) and strong transferability (C6: 6), b"
71,Participa (Podemos),https://github.com/podemos-info/participa,67.9,9,"Participa demonstrates clear strengths in participatory democracy, evidence-based internal voting, and open source principles, but its impact is limited to a single party context, is technologically o"
72,Humble Data Workshop,https://humbledata.org,67.8,5,"Humble Data Workshop scores well for its open-source, volunteer-driven infrastructure, strong focus on inclusion and digital literacy for marginalized groups, and international reach, but lacks eviden"
73,WhatDoTheyKnow,https://www.whatdotheyknow.com,67.1,24,"WhatDoTheyKnow facilitates freedom of information requests for evidence-based accountability, strong on C3 and community mobilisation in C4, with open source aiding transferability under C6 despite UK"
74,PlaceCal,https://github.com/geeksforsocialchange/placecal,67,9,"PlaceCal provides open-source, community-driven infrastructure for local civic participation, scoring well on campaign infrastructure and community organising, but lacks strong evidence for informatio"
75,Community Tech,https://www.communitytech.network,67,5,"Community Tech demonstrates strong alignment with participatory democracy and local community empowerment, fulfilling campaign infrastructure and community organising criteria, though there is limited"
76,Go Vocal,https://www.govocal.com,67,5,"Go Vocal demonstrates strong campaign infrastructure and participatory democracy alignment, but lacks independent evidence of impact, robust information warfare features, or clear inclusion of margina"
77,Full Fact AI,https://fullfact.org/ai,66.8,5,"Full Fact AI scores strongly on campaign infrastructure, information warfare, and evidence-based decision support for fact-checkers, but its lack of open source, primary service to professional users "
78,RxC Voice,https://github.com/radicalxchange/rxc-voice,66.8,5,"RxC Voice offers open-source, participatory democracy infrastructure leveraging innovative voting mechanisms, but lacks clear evidence of impact, inclusion, or robust information warfare countermeasur"
79,Open Data Editor (ODE),https://okfn.org/en/projects/open-data-editor,66.6,5,"Open Data Editor advances civic data infrastructure and accessibility for non-technical users, scores well on privacy and open source, but lacks clear evidence of direct impact on information warfare "
80,Stanford Participatory Budgeting Platform,https://github.com/stanfordcdt/pb,66.4,5,"The project robustly supports participatory democracy and open source values (C1, C3), but shows moderate evidence for community organising and cross-context utility, with minor progressive and scalab"
81,Ethelo,https://ethelo.com,66.1,24,"This scenario analysis tool shines for evidence-based decision-making (C3:18) and community organising in deliberative settings (C4:10), with cross-context use (C6:5), but weaker on campaigns (C1:10) "
82,meet.coop,https://www.meet.coop,66.1,24,"Meet.coop stands out for surveillance-free privacy (C5) and activist organising via video (C4, C1), resonating with my anti-establishment views on cooperative alternatives to Big Tech. Progressive mis"
83,Mapped,https://mapped.commonknowledge.coop,66.0,24,"Stronger on C1 (12) for direct supporter data enrichment in campaigns and C4 (8) for organiser tools, with some C3 (8) for data-driven insights, but low on C2 (3), C5 (4), and C6 (2) as UK-bound with "
84,Parti,https://parti.xyz,65.8,24,"Parti excels in C4 for volunteer mobilisation through collaboration tools and scores well on C1 and C3 for civic outreach and surveys supporting evidence-based organising, with decent C6 transferabili"
85,Tactical Data Engagement,https://communities.sunlightfoundation.com/methodology,65.8,5,"The project demonstrates strong campaign infrastructure and supports participatory democracy through open data policy adoption, but evidence for impact on information warfare, privacy/GDPR, and direct"
86,Local Intelligence Hub,https://www.localintelligencehub.com,65.8,5,"The Local Intelligence Hub scores well for campaign infrastructure, evidence-based decisions, and climate-aligned participatory democracy, but lacks clear evidence on information warfare countermeasur"
87,Who Posted What?,https://whopostedwhat.com,65.6,5,"The project provides valuable infrastructure for researchers and public interest workers to investigate disinformation and media trends on Facebook, scoring well for campaign infrastructure, informati"
88,Bonfire,https://bonfirenetworks.org,65.0,24,"Strong community organising via federated networks (C4: 12), privacy-respecting design (C5: 12), and campaign infrastructure for activists (C1: 14), with evidence support (C3: 10) and global scalabili"
89,TheyWorkForYou,https://www.theyworkforyou.com,65.0,24,"TheyWorkForYou provides accessible parliamentary data for citizens and campaigners, aiding evidence-based analysis under C3 and community engagement via C4, though UK-bound per C6 and tangential to di"
90,The Engine Room Library,https://library.theengineroom.org,65,5,"The Engine Room Library provides open, multilingual resources supporting civil society and responsible data use, scoring well on campaign infrastructure, evidence-based decision support, and privacy, "
91,RxC Quadratic Voting,https://quadraticvote.radicalxchange.org,65,5,"RxC Quadratic Voting provides an open-source, nonprofit tool for participatory democracy with clear evidence of use in organizational governance, but limited large-scale impact, modest community organ"
92,sourceAFRICA,https://sourceafrica.net,64.8,24,"The document repository supports information warfare countermeasures by enabling access for journalists and watchdogs (C2) and evidence-based investigations (C3), with community contributions (C4) and"
93,DISARM Frameworks,https://github.com/disarmfoundation/disarmframeworks,64.8,9,"DISARM Frameworks provides open source, internationally used infrastructure for countering disinformation with clear relevance to information warfare and evidence-based decision-making, but its primar"
94,Abstract Wikipedia,https://meta.wikimedia.org/wiki/abstract_wikipedia,64.8,5,"Abstract Wikipedia scores well for campaign infrastructure, evidence-based knowledge sharing, and open source alignment, but lacks direct evidence of participatory democracy, information warfare count"
95,OpenProcurement,https://openprocurement.io,64.1,24,"Offers tangential civil society tools (C1: 6) but strong on countering corruption disinfo (C2: 12) and data analysis (C3: 12), with high transferability (C6: 6) despite standard privacy/organizing (C5"
96,Turkopticon,https://turkopticon.ucsd.edu,64.1,24,"I score this moderately because it excels in C4 for worker-led community organising but scores low on C1, C2, and C3 due to limited direct ties to political campaigns or evidence-based decision-making"
97,Groupthink (OpenPolitics Votebot),https://github.com/openpolitics/groupthink,64,9,"Groupthink advances participatory democracy and open policymaking for citizens and activists, scoring well on campaign infrastructure, community organising, and open source alignment, but is limited b"
98,Anna's Archive,https://annas-archive.pm,63.8,5,"Anna's Archive advances open access to knowledge and supports civic data and digital rights, but lacks documented evidence of campaign infrastructure, information warfare interventions, or robust comm"
99,Humanitarian Data Exchange,https://data.humdata.org,63.8,5,"The Humanitarian Data Exchange provides significant infrastructure for evidence-based humanitarian coordination and transparency, but its primary users are institutional actors rather than citizens, a"
100,Consent-O-Matic,https://github.com/cavi-au/consent-o-matic,63.8,5,"Consent-O-Matic delivers meaningful privacy infrastructure for internet users globally, scoring well on campaign infrastructure, privacy, and evidence-based practice, though its broader community orga"
101,WriteToThem,https://www.writetothem.com,63.6,24,"WriteToThem enables direct constituent communication with representatives, aiding community organising in C4 and evidence tracking via C3, though UK-specific under C6 and tangential to campaigns in C1"
102,CrowdJustice,https://www.crowdjustice.com,63.4,24,"I give this a strong score for excelling in C1 campaign infrastructure through legal crowdfunding and C4 mobilisation, directly aiding anti-establishment justice efforts without surveillance risks. Mo"
103,Teaching Public Service in the Digital Age,https://www.teachingpublicservice.digital,63,5,"The project provides open-access, evidence-based digital skills training for public servants internationally, scoring well on campaign infrastructure, evidence-based decisions, and scalability, but it"
104,CKAN,https://ckan.org,62.9,24,"As a data portal system, it excels in evidence-based decision making (C3) and aids information analysis (C2), with strong international deployment (C6), but minimal campaign (C1) or organising (C4) ti"
105,Coral,https://coralproject.net,62.8,24,"The project scores moderately on C2 for counter-disinformation through safer commenting and on C6 for strong cross-context deployment, but lower on C1 and C3 due to limited direct campaign or evidence"
106,Bluesky,https://bsky.app,62.6,5,"Bluesky demonstrates moderate strengths in campaign infrastructure, information warfare potential, and evidence-based transparency, but lacks clear evidence of deep community organising, privacy leade"
107,Tracka,https://yourtracka.org,62.3,24,"YourTracka monitors public projects via citizen reports, strong on community mobilisation in C4 and evidence-based tracking in C3, with Nigeria focus limiting C6 transferability. Modifiers boost for p"
108,Mastodon C,https://www.mastodonc.com,62.3,19,"Mastodon earns top marks for decentralised campaign outreach (C1), community mobilisation (C4), and privacy-focused federation countering centralised surveillance (C5), aligning with my scepticism of "
109,OpenSanctions,https://www.opensanctions.org,62.2,24,"This open-source platform excels in info warfare analysis (C2: 18) via sanctions data and supports evidence-based decisions (C3: 15) for investigators, with some campaign utility in tracking elites (C"
110,Pastecal,https://github.com/kazad/pastecal,62,5,"Pastecal provides a simple, open-source, zero-login scheduling tool that directly supports grassroots organizing and participatory democracy, but its limited evidence for information warfare, privacy,"
111,Populate Tools,https://github.com/populatetools,62,5,"Populate Tools provides open source civic engagement infrastructure with participatory democracy aims and some evidence of community and government use, but lacks clear information on evidence-based d"
112,Unpaywall Browser Extension,https://unpaywall.org/products/extension,62,5,"Unpaywall Browser Extension scores well for campaign infrastructure, information access, and open source transparency, but lacks strong evidence for participatory democracy, community organising, or d"
113,All Our Ideas,https://all-our-ideas.citizens.is,61.8,24,"Solid on evidence-based decision making via pairwise voting (C3) and community organising for citizens/policymakers (C4), with open source transferability (C6); some campaign applicability (C1 moderat"
114,Public AI Inference Utility,https://publicai.co,61.8,5,"Public AI Inference Utility scores well for open-source infrastructure and cross-context accessibility, but limited evidence of direct community organising or information warfare impact constrains its"
115,Marks Out Of Tenancy,https://www.marksoutoftenancy.com,61.8,5,"Marks Out Of Tenancy empowers renters with participatory review tools and rights guidance, serving a marginalised community and advancing civic data, but lacks transparency on moderation, data verific"
116,Bluesky Social,https://github.com/bluesky-social,61.4,5,"Bluesky Social demonstrates strong open-source infrastructure, some community-driven governance, and decentralization, but lacks clear evidence of participatory democracy, social justice impact, or de"
117,Turbo Phonebank,https://turbophonebank.com,61.4,5,"Turbo Phonebank scores strongly on campaign infrastructure, participatory democracy, and volunteer mobilisation, but has limited evidence on information warfare, privacy, and cross-context utility; mo"
118,Community Notes (Birdwatch) Analysis Tool,https://github.com/travisbrown/birdwatch,61.2,5,"The project provides open-source, research-oriented tools for analyzing platform accountability and misinformation on X/Twitter, serving journalists and advocates but with limited evidence of direct c"
119,GOV.UK Notify,https://www.notifications.service.gov.uk,61.2,5,"GOV.UK Notify provides scalable, open (partially), and cost-saving notification infrastructure for UK public sector organizations, improving citizen communication but lacking direct evidence of partic"
120,Parliament Watch Uganda,https://parliamentwatch.ug,61,5,"Parliament Watch Uganda provides citizens with access to parliamentary data and aims to bridge the gap between parliament and the public, moderately fulfilling campaign infrastructure, participatory d"
121,Turn2us Benefits Calculator,https://benefits-calculator.turn2us.org.uk,60.8,5,"The Turn2us Benefits Calculator demonstrates strong alignment with social justice and participatory access by serving low-income and marginalized communities, but lacks evidence for campaign infrastru"
122,Parallel Parliament,https://www.parallelparliament.co.uk,60.6,5,"Parallel Parliament provides valuable campaign infrastructure and civic data for multiple user types, but its for-profit model, lack of open source, and limited direct evidence of participatory democr"
123,adhocracy+,https://adhocracy.plus,60.5,24,"This project scores moderately on community organising (C4) due to its focus on participatory platforms for civil society and administrations, but low on campaign effectiveness (C1) and information wa"
124,Data Observation Toolkit (DOT),https://github.com/datakind/data-observation-toolkit,60.4,5,"DOT provides open-source, evidence-based infrastructure for data integrity in public health and humanitarian contexts, with demonstrated impact in Uganda, but its primary users are institutional actor"
125,GovTrack.us,https://www.govtrack.us,60.3,24,"GovTrack.us impresses for enabling evidence-based transparency (C3) and indirect information warfare countermeasures via congressional tracking (C2), useful for anti-establishment advocates (C1), thou"
126,Diia,https://expo.diia.gov.ua,60.2,24,"Government-led digital ecosystem raises red flags for surveillance and centralisation, scoring decent on evidence-based services (C3:14) and cross-context potential (C6:3), but low on campaign mobilis"
127,Fatebook,https://fatebook.io,60.2,24,"Prediction platform supports evidence-based forecasting (C3:17) and info warfare analysis (C2:12), with international reach (C6:6) and community contributions (C4:7), but less direct for campaigns (C1"
128,Organise,https://www.organise.org.uk,60.2,24,"Excels in community organising for workers (C4: 12) and some campaign outreach (C1: 12), with evidence-based campaign features (C3: 10); info warfare low (C2: 4), privacy standard (C5: 6), UK-limited "
129,WhatGov,https://www.whatgov.co.uk,60.2,24,"WhatGov simplifies parliamentary information for citizens and researchers, supporting evidence-based decisions via C3 and indirect community tools in C4, with open source enabling moderate generalisab"
130,Metaculus,https://metaculus.com,60.1,24,"Excels in C3 (18) for evidence-based forecasting and C2 (14) informing disinfo/policy, with good C1 (10) for policy outreach and C6 (6) international; lower on C4 (5), C5 (4) due to partial privacy, b"
131,rsky,https://github.com/blacksky-algorithms/rsky,59.8,5,"rsky demonstrates strong alignment with campaign infrastructure, privacy, and open-source principles, but lacks clear evidence of direct participatory democracy impact or robust information warfare co"
132,NumFOCUS,https://numfocus.org,59.6,24,"This open science supporter aids evidence-based analysis (C3:12) and developer communities (C4:7) with strong openness (M6:+4) and scalability (M5:+6), but scores low on direct campaign (C1:6) or disi"
133,Give Food,https://www.givefood.org.uk,59.2,5,"Give Food demonstrates strong civic data infrastructure and addresses food insecurity for marginalised communities, but lacks clear evidence in the dossier for information warfare or evidence-based me"
134,ShineYourEye,https://www.shineyoureye.org,59.0,24,"Shine Your Eye supports community organising and legislative tracking for accountability in Nigeria, scoring well on C4 but lower on campaign-specific tools and privacy features under C1 and C5, with "
135,CoTech,https://coops.tech,59,5,"CoTech demonstrates strong alignment with participatory democracy and community ownership through its cooperative structure and values-driven network, but lacks clear evidence of impact on information"
136,Land Explorer,https://landexplorer.coop,59,5,"Land Explorer provides participatory mapping tools for community groups and land trusts, supporting civic data and common good land use, but lacks strong evidence for information warfare, evidence-bas"
137,OpenCRVS,https://www.opencrvs.org,58.4,24,"As a government-led open-source system for civil registration, it scores low on campaign tools (C1: 5) and info warfare (C2: 3) but higher on evidence-based decisions via data (C3: 12) and transferabi"
138,Watch Duty,https://www.watchduty.org,58.4,5,"Watch Duty advances civic data access and real-time public safety alerts via volunteer mobilisation, but lacks evidence of participatory democracy, privacy safeguards, or inclusion, meriting a moderat"
139,CommunityRule,https://communityrule.info,58.2,24,"Governance toolkit boosts community organising (C4) and privacy via open source (C5), with information warfare ties through transparent rules (C2); low on campaigns (C1) but adaptable internationally "
140,Martus,https://www.martus.org,58.0,24,"Martus scores highly for privacy-respecting secure data collection aiding human rights campaigns (C1, C5) and countering disinformation through activist reporting (C2), with global transferability (C6"
141,Idealist,https://idealist.org,57.8,24,"Strong on volunteer mobilisation and community organising (C4: 12) with global reach (C6: 6), but limited direct campaign infrastructure (C1: 10) or disinformation tools (C2: 6), moderate evidence-bas"
142,Nyaaya,https://nyaaya.org,57.8,24,"High on C2 (12) for countering legal disinfo, C3 (12) evidence-based access, C5 (9) privacy in public info, good C6 (4) adaptable model, but lower C1 (5), C4 (3) India-specific; anti-establishment val"
143,Interoperable Deliberative Tools,https://metagov.org/projects/interop,57.8,5,"Interoperable Deliberative Tools provides infrastructure for participatory democracy and supports evidence-based, scalable, multi-channel governance experimentation, but its primary users are research"
144,Remember to Vote,https://remembertovote.org.uk,57.8,5,"The project provides a grassroots SMS reminder service to support voter participation, addressing campaign infrastructure and participatory democracy, but lacks evidence of robust information warfare "
145,MapIt,https://mapit.mysociety.org,57.6,24,"This project scores moderately on C1 and C3 for its tangential utility in campaign mapping and data analysis, but low on C2, C4, and C5 due to limited direct connections to disinformation, organising,"
146,Nym,https://nymtech.net,57.6,24,"This project scores moderately on privacy-respecting tools (C5: 12) and cross-context transferability (C6: 6), with tangential benefits for secure campaign communications (C1: 8) and countering survei"
147,Discourse,https://www.discourse.org,57.5,24,"As a jury member, I score Discourse moderately for its strong community organising potential (C4) and cross-context transferability (C6), but it lacks direct ties to campaign infrastructure (C1), info"
148,GOV.UK One Login,https://www.sign-in.service.gov.uk,57.4,5,"GOV.UK One Login provides vital campaign infrastructure and cross-agency authentication, but its centralization raises dependency and inclusion concerns; while it advances accessibility and evidence-b"
149,OpenBudgets.eu,https://openbudgets.eu,56.9,24,"This enables analysis of public budgets for journalists and citizens, supporting evidence-based scrutiny (high C3) and some community organizing (moderate C4), with cross-EU applicability (high C6), b"
150,PolicyKit,https://policykit.org,56.9,20,"PolicyKit supports community organising in online spaces (C4: 10) and has moderate evidence-based governance tools (C3: 10), with usable campaign features (C1: 8) and open-source privacy (C5: 8), plus"
151,Missing Numbers,https://missingnumbers.org,56.8,5,"Missing Numbers makes a tangible contribution to campaign infrastructure and evidence-based advocacy by identifying and campaigning to close gaps in UK public data, but its impact on information warfa"
152,Right To Know,https://right-to-know.org,56.7,24,"The environmental health toolkit aids community campaigners with evidence-based data access (C3, C4), but lacks strong ties to broader campaign infrastructure (C1) or disinformation countermeasures (C"
153,Open Letter,https://openletter.earth,56.6,5,"Open Letter provides participatory advocacy infrastructure with some demonstrated policy impact and international reach, but lacks evidence of robust information warfare countermeasures, privacy/GDPR "
154,OpenOrigins,https://www.openorigins.com,56.5,24,"Focused on verification for journalists and citizens, it aids evidence-based decisions (C3: 14) and info warfare countermeasures (C2: 10) but lacks direct campaign (C1: 6) or organising (C4: 4) featur"
155,Conservative Party Funding,https://conservativepartyfunding.co.uk,56.4,5,"The project provides accessible campaign finance data to citizens and journalists, supporting information warfare and evidence-based decision-making, but lacks community organising features, privacy d"
156,MP Watch,https://www.mpwatch.org,56.4,5,"MP Watch demonstrates strong alignment with campaign infrastructure, participatory democracy, and climate action, but lacks evidence of robust information warfare countermeasures, published performanc"
157,Fairbnb.coop,https://fairbnb.coop,56.1,24,"Cooperative model aligns with anti-establishment values, strong on community organising for local hosts (C4:11), cross-context multi-country (C6:6), and tangential campaigns (C1:9), but light on info "
158,Cortico,https://cortico.ai/platform,56,24,"From an anti-establishment view, I penalise the privacy risks of recorded AI dialogues serving government agencies (C5:2, M4:-5), despite strengths in community mobilisation (C4:11) and progressive al"
159,Journal of Open Source Software,https://joss.theoj.org,56,5,"JOSS provides open, community-driven research infrastructure with strong open source and privacy credentials, but its direct civic and campaign impact is limited to professional and research communiti"
160,Journalist Studio,https://journaliststudio.google.com,56,5,"Journalist Studio provides infrastructure and tools that support journalists and counter information warfare, but its impact on participatory democracy and marginalised communities is indirect, with p"
161,Vote for Policies,https://voteforpolicies.org.uk,56,5,"Vote for Policies provided a decade-plus of participatory voter education and policy transparency, with moderate alignment to campaign infrastructure and evidence-based decisions, but lacks strong evi"
162,GrantNav,https://grantnav.threesixtygiving.org,55.9,24,"This grants data tool supports evidence-based decisions well (C3:16) and civil society organizing (C4:8), with decent privacy (C5:7) and adaptability (C6:4), but lacks direct campaign or disinformatio"
163,GOV.UK Forms,https://www.forms.service.gov.uk,55.8,5,"GOV.UK Forms demonstrates strong campaign infrastructure and some evidence-based improvement for government service delivery, but lacks clear evidence of participatory democracy, social justice impact"
164,Manifold Markets,https://manifold.markets,55.7,24,"Manifold Markets scores highly as its core function directly aligns with enabling evidence-based decisions, a key criterion in this evaluation. Its utility for gauging public sentiment makes it a powe"
165,Labour Xchange,https://labourxchange.uk,55.6,5,"Labour Xchange demonstrates moderate strength in campaign infrastructure and community organising for underemployed and marginalised workers, but lacks evidence of advanced information warfare counter"
166,DemTech Navigator,https://navigator.oii.ox.ac.uk,55.6,5,"DemTech Navigator provides a valuable resource for civil society groups to address disinformation and support digital rights, but its closed-source nature, lack of clear community ownership, and limit"
167,Cobudget,https://cobudget.com,55.3,24,"This participatory funding tool supports community mobilisation (C4) and privacy-respecting design (C5), with moderate campaign tangents (C1) and transferability (C6); modifiers boost for progressive "
168,semanticClimate,https://semanticclimate.github.io,55.2,24,"Semantic analysis of climate literature strongly enables evidence-based decisions (C3) and counter-disinfo on science (C2), with tangential campaign data use (C1) and international applicability (C6),"
169,Pear by Holepunch,https://docs.holepunch.to,55.2,5,"Pear by Holepunch provides open source, globally generalizable peer-to-peer infrastructure that supports digital rights and could enable censorship-resistant civic applications, but its primary focus "
170,New_ Public Roundabout,https://newpublic.substack.com/p/introducing-roundabout-built-for,55.2,5,"While Roundabout shows promise for local civic engagement and community organising, the dossier provides limited evidence on information warfare, privacy/GDPR, and evidence-based decisions, but the pr"
171,Spartacus,https://spartacus.app,55.0,24,"It strongly enables community organising via conditional commitments for collective action (C4) and has campaign potential for mobilisation (C1), with evidence measurement implied (C3) and internation"
172,Open Heart Mind (OHM),https://openheartmind.org,55,5,"While Open Heart Mind demonstrates strong alignment with participatory democracy and open-source values, its early-stage, limited adoption, and lack of impact metrics or evidence for information warfa"
173,OSINT Framework,https://osintframework.com,55,5,"OSINT Framework provides valuable, open-source infrastructure for information gathering and evidence-based decisions, but its primary service to professional users and lack of explicit participatory, "
174,Democracy Fund Open Source,https://www.dfos.com,55,5,"Democracy Fund Open Source provides open source tools for civic engagement and voting access, scoring well on campaign infrastructure, evidence-based decisions, and privacy, but lacks direct evidence "
175,docs.plus,https://docs.plus,54.8,24,"As a sceptic of centralised tools, I see this open-source collaborative platform as tangentially useful for community organising (C4:8) and cross-context (C6:6), but it falls short on direct campaign "
176,Civic Tech Field Guide,https://civictech.guide,54.8,5,"The project provides valuable infrastructure for civic tech practitioners and supports participatory democracy, but its primary audience is professional/institutional, with limited evidence of direct "
177,OpenElections Leaflet Scraper and Parser,https://github.com/thicknavyrain/uk_elections_leaflets,54.8,5,"This solo, open-source project improves campaign transparency and civic data access (C1, C3), but serves mainly professional users, has limited evidence of participatory democracy or marginalised comm"
178,Kialo,https://kialo.com,54.7,24,"Excels in evidence-based critical thinking (C3: 15) and community debate features (C4: 8), with moderate disinformation countering potential (C2: 10) and campaign usability (C1: 6), standard privacy ("
179,OA.Works,https://oa.works,54.7,24,"Similar to OA.Report, it earns points for evidence-based open access analysis (C3: 12) and high transferability (C6: 5), but minimal campaign or disinformation ties (C1: 2, C2: 1) and basic community/"
180,ClimateAction.Tech,https://climateaction.tech,54.6,24,"Focused on mobilising tech workers for climate action, it scores well on community organising (C4) and cross-context use (C6), with some evidence-based (C3) and disinformation relevance (C2); modifier"
181,The Data Trusts Initiative,https://datatrusts.uk,54.6,5,"The Data Trusts Initiative demonstrates moderate strength in campaign infrastructure and information warfare through policy pilots and academic rigor, but is limited by its researcher-led model, lack "
182,openparliament.ca,https://openparliament.ca,54.4,24,"OpenParliament tracks representatives for citizens and journalists, aiding evidence-based oversight (moderate C3) and community engagement (moderate C4), but Canada-specific (low C6) and no direct cam"
183,Pageviews Analysis,https://pageviews.wmcloud.org,54.4,5,"Pageviews Analysis provides valuable open-source infrastructure for civic data and journalism but lacks clear evidence of participatory democracy impact or direct service to marginalized communities, "
184,MP Twitter Bios,https://www.mptwitterbios.co.uk,54.4,5,"The project provides open civic data on MP transparency relevant to participatory democracy and research, but its impact on community organising, information warfare, and marginalised groups is limite"
185,MyActionCenter,https://www.myaction.center,54.4,5,"MyActionCenter enables participatory democracy and supports campaign infrastructure and community organizing, but lacks evidence of information warfare countermeasures, privacy safeguards, and open so"
186,GOV.UK Pay,https://www.payments.service.gov.uk,54.4,5,"GOV.UK Pay provides robust campaign infrastructure and standardizes payment processing for public services, but lacks clear evidence of participatory democracy, social justice impact, or direct servic"
187,Plausible Analytics,https://plausible.io,54.2,5,"Plausible Analytics advances privacy and digital rights for a broad range of users with open source elements and strong GDPR alignment, but lacks direct civic participation, community organizing, or e"
188,Open Standards for Data Guidebook,https://standards.theodi.org,54.2,5,"The project provides open, globally-relevant infrastructure for data standards with some evidence of policy influence and open source practice, but its primary audience is institutional rather than ci"
189,OpenAudience,https://openaudience.org,54.1,24,"Strong on campaign audience understanding and analytics (C1: 14, C3: 13), but negligible for disinformation or organizing (C2: 1, C4: 1), with UK-bound limits (C6: 2) and adequate privacy via open dat"
190,deliberAIde,https://www.deliberaide.com,54.1,24,"DeliberAide shows promise for campaign consultation infrastructure (C1: 10/20) and community organizing through dialogue facilitation (C4: 9/12), with strong international deployment (C6: 6/6). While "
191,Empurrando Juntas (EJ),https://sobre.ejparticipe.org,54,21,"This platform excels in community organising and volunteer mobilisation through collaboration tools like shared documents and voting (C4), with moderate support for evidence-based decisions via survey"
192,Contracts for Data Collaboration,https://contractsfordatacollaboration.org,54,5,"While Contracts for Data Collaboration advances transparency and accountability in data sharing, its primary beneficiaries are institutional rather than citizen users, and there is insufficient eviden"
193,Tech Coops List,https://tech-coops.xyz,54,5,"Tech Coops List advances participatory democracy and social justice by supporting worker-owned tech collectives internationally, but its impact is limited by lack of systematic verification, impact me"
194,Members' Interests,https://membersinterests.org.uk,54,4,"The project advances parliamentary transparency and supports participatory democracy, but limited evidence of active community organising, information warfare countermeasures, or privacy safeguards te"
195,Open Council Data UK,https://opencouncildata.co.uk,53.6,5,"Open Council Data UK provides valuable open access to councillor data supporting campaign infrastructure and participatory democracy, but lacks evidence of community ownership, privacy safeguards, or "
196,Parse The Bill,https://parsethebill.com,53.6,5,"Parse The Bill advances participatory democracy by making UK legislation more accessible for citizens and advocacy groups, but its heavy reliance on unverified AI summaries, lack of open source, and l"
197,Logos,https://logos.co,53.5,24,"Supports community organising via decentralised stack (C4: 10), with moderate campaign infrastructure (C1: 9) and evidence-based building (C3: 9), low disinformation focus (C2: 4), unclear privacy (C5"
198,Prolific,https://www.prolific.com,53.4,24,"Prolific excels in evidence-based decision making through high-quality data collection for research, scoring highly on C3, but offers only tangential support for campaigns or information warfare count"
199,COTSI (Cyber Operational Threat Situational Intelligence),https://cotsi.org,53.4,5,"COTSI provides valuable infrastructure for tracking online manipulation and supports evidence-based advocacy against disinformation, but its primary users are researchers and professionals rather than"
200,EDGAR,https://github.com/bellingcat/edgar,53.4,5,"EDGAR provides open-source infrastructure for accessing SEC data, supporting transparency and accountability for journalists and researchers, but lacks clear evidence of participatory democracy, direc"
201,Kagi SlopStop,https://blog.kagi.com/slopstop,53.2,5,"Kagi SlopStop advances information quality and combats AI-generated disinformation through a community-driven approach, but its benefits are limited by a subscription model, lack of clear impact metri"
202,Open Digital Planning,https://opendigitalplanning.org,53.2,5,"Open Digital Planning provides open source infrastructure for local government digital planning, but its primary users are institutional actors rather than citizens, with limited evidence of participa"
203,Society for Hopeful Technologists,https://societyforhopefultechnologists.org,53.2,5,"The project advances ethical tech and social justice for tech workers with a participatory, volunteer-driven model, but lacks formal campaign infrastructure, evidence of information warfare countermea"
204,oTree,https://www.otree.org,53.1,24,"Primarily for academic research, it supports evidence-based decisions (C3: 18) and tangentially info warfare analysis (C2: 8), but low on campaign (C1: 4) and organising (C4: 3); privacy academic-stan"
205,Moral Machine,https://moralmachine.net,53,5,"Moral Machine provides a globally-scaled, participatory platform for crowdsourcing ethical preferences on autonomous vehicles, but its primary impact is academic and policy discussion rather than dire"
206,FixMyStreet,https://www.fixmystreet.com,52.8,24,"I rate FixMyStreet adequately for evidence-based impact tracking of civic reports (C3) and standard privacy (C5), but as an anti-establishment evaluator, I penalise its tight integration with UK counc"
207,UK Housing Data Standards,https://hact.org.uk/tools-and-services/uk-housing-data-standards,52.6,5,"The project provides sector-level infrastructure and supports evidence-based decisions for social housing, but is primarily oriented toward institutional users rather than participatory democracy, wit"
208,Find local consultations,https://gov.uk/find-local-consultations,52.3,24,"As a disruption-sceptic, I penalize this government-led notification tool for enhancing centralized state communication power without clear anti-establishment benefits, scoring low on campaign infrast"
209,Timecounts,https://timecounts.org,52.3,24,"As a volunteer management tool, it directly supports community organising (C4) and has tangential campaign use (C1), with evidence tracking (C3) and global deployment (C6), but proprietary model limit"
210,River Sentiment Dashboard,https://riversentiment.app,51.8,5,"The River Sentiment Dashboard provides a novel approach to connecting social media sentiment with ecological data, supporting evidence-based advocacy and limited citizen engagement, but lacks demonstr"
211,Wikum,https://www.csail.mit.edu/research/wikum-bridging-discussion-systems-and-wikis-collective-summarization,51.8,5,"Wikum provides a participatory tool for collective summarization in online communities, supporting democratic engagement and civic data, but its limited ongoing development and lack of explicit inclus"
212,Monitor Mamdani,https://monitormamdani.com,51,5,"Monitor Mamdani provides a public-facing dashboard for campaign promise tracking and accountability, supporting participatory democracy and civic data, but lacks evidence of community organising, priv"
213,youtube-dl,https://github.com/ytdl-org/youtube-dl,50.8,5,"youtube-dl provides open, grassroots infrastructure for journalists and archivists in the digital rights space, but the dossier lacks clear evidence of participatory community organising, privacy safe"
214,CiviClick,https://civiclick.com,50.7,23,"This advocacy platform excels in campaign infrastructure (C1) and community mobilisation (C4) for grassroots efforts, supporting evidence-based personalization (C3), but lacks disinformation focus (C2"
215,Collaborative Data Patterns,https://collaborative-data.theodi.org,50.6,5,"The project provides a useful guidebook for collaborative data maintenance with some participatory elements and partial open source alignment, but lacks strong evidence of direct impact on campaign in"
216,Channel.org,https://channel.org,50.4,18,"Supports community building and content ownership (C4: 9), with some campaign outreach potential (C1: 10) and evidence via analytics (C3: 8), privacy implied (C5: 7), and multi-country use (C6: 4); op"
217,Shared Digital Guides,https://www.shareddigitalguides.org.uk,50.2,5,"Shared Digital Guides provides useful infrastructure and community knowledge-sharing for non-profits, but its impact is limited by a narrow UK charity focus, lack of formal evidence base, and minimal "
218,Entitledto,https://entitledto.co.uk,50.1,24,"While useful for citizen empowerment against welfare bureaucracy (C3:12 for evidence-based entitlements, C4:7 for community advisors), it lacks direct campaign ties (C1:6), info warfare (C2:3), and is"
219,Harmonica,https://harmonica.chat,50.1,24,"The AI platform supports evidence-based stakeholder engagement (C3: 14) and community organizing (C4: 9), with moderate campaign applicability (C1: 7) and low disinformation countermeasures (C2: 5), u"
220,WardWatch,https://wardwatch.uk,50.1,24,"I score this moderately high on C3 for AI-driven evidence-based evaluation of councillor performance, aiding campaigns in C1, but UK-specific limits C6 and proprietary nature concerns me for centralis"
221,Libertrium,https://liberopinion.com,49.6,5,"Libertrium demonstrates moderate strength in campaign infrastructure, information warfare, and evidence-based decision-making for public administration and participatory democracy, but lacks evidence "
222,Gender Pay Gap Service,https://gender-pay-gap.service.gov.uk,49.5,24,"Government tool for pay data transparency aids evidence-based advocacy (C3:14) and community research (C4:6), but UK-bound (C6:2), low campaign (C1:5), info warfare (C2:4), privacy (C5:5); state contr"
223,Deliberation & Technology (DelibTech) Network,https://www.demnext.org/projects/delibtech-network,49.4,5,"The DelibTech Network advances participatory democracy and deliberative infrastructure at an international scale, but lacks clear evidence of community ownership, inclusion, privacy safeguards, or pub"
224,Neighbourhood Warmth,https://www.mysociety.org/climate/neighbourhood-warmth,49.4,5,"Neighbourhood Warmth aligns with participatory democracy and climate action, offering campaign infrastructure and community organising potential, but lacks evidence of information warfare countermeasu"
225,whatsmeow,https://github.com/tulir/whatsmeow,49.2,5,"While WhatsMeow is open source, grassroots, and potentially useful for civic participation via WhatsApp, the dossier provides limited evidence of direct impact on campaign infrastructure, information "
226,Frankenstein Bill,https://gordonguthrie.github.io/frankensteinbill,49.2,5,"Frankenstein Bill provides open-source, educational legislative analysis for digital government stakeholders but primarily serves institutional users, with limited evidence of participatory or justice"
227,Overton,https://overton.io,49.1,23,"Overton provides solid support for C3 through policy analysis enabling evidence-based decisions and moderate scores on C1 and C2 for political tracking that could aid campaigns and counter-disinfo, bu"
228,Viewpoints,https://viewpoints.xyz,48.8,24,"This receives a moderate score for utility in C1 and C3 via AI polls supporting message testing and evidence-based consensus, with some C4 organising potential, but proprietary AI raises centralisatio"
229,FarmerChat,https://farmerchat.digitalgreen.org,48.7,23,"AI conversational tool aids evidence-based advisory (C3:15) for rural communities (C4:9), with strong cross-context in multiple countries (C6:6), but proprietary and automation-heavy (C1:6 tangential,"
230,Choose a License,https://choosealicense.com,48.6,5,"Choose a License provides valuable open source infrastructure supporting digital rights and civic data, but its primary users are developers and projects rather than directly empowering citizens or ma"
231,Awesome UK Government Datasets,https://github.com/i-dot-ai/awesome-gov-datasets,48.2,9,"While the project advances open government data and transparency (C1: campaign infrastructure, C3: evidence-based decision-making), it primarily serves professional users and lacks clear participatory"
232,Sugartrail,https://github.com/ribenamaplesyrup/sugartrail,48,5,"Sugartrail provides open source tools for network analysis of UK company data, supporting investigative work by journalists and campaigners, but lacks evidence of participatory democracy impact, commu"
233,Agreement Engine,https://medium.com/metagov/introducing-the-agreement-engine-bf03b6d5c16c,48,1,"While the Agreement Engine shows promise as an open-source tool for participatory democracy and civic engagement, insufficient evidence of real-world impact, limited documentation, and a primary user "
234,Violation Tracker UK,https://violationtrackeruk.goodjobsfirst.org,48,1,"Violation Tracker UK provides a potentially valuable civic data resource for campaigners and citizens, but lack of accessible evidence on impact, privacy, and inclusion, as well as limited transparenc"
235,Granitt,https://granitt.io,47.6,24,"While transparency features offer some counter to establishment opacity, this B2B government tool still centralizes civic engagement, earning moderate scores on evidence-based decisions (C3:12), organ"
236,django-collaborative,https://github.com/propublica/django-collaborative,47.4,5,"While django-collaborative provides useful infrastructure for media organizations and researchers and is open source, its direct impact on participatory democracy and marginalized communities is limit"
237,Schema.org,https://schema.org,47.1,18,"Structured data schemas offer limited direct value for campaigns (C1-C2, C4) but support evidence-based web analytics (C3) and are highly transferable globally (C6) with neutral privacy (C5). Modifier"
238,Public Media Stack,https://publicmediastack.com,46.8,5,"Public Media Stack offers valuable infrastructure for media transparency and evidence-based evaluation of tools, but its primary audience is institutional rather than directly participatory, with limi"
239,Open Data Communities,https://opendatacommunities.org,46.6,5,"While Open Data Communities supported evidence-based policy and transparency, its limited participatory infrastructure, government-only governance, lack of clear community organizing or privacy featur"
240,Radicle,https://radicle.xyz,46.3,24,"This peer-to-peer code forge scores low on core campaign criteria like C1-C3 due to its focus on developer collaboration rather than political outreach or disinformation countermeasures, though it exc"
241,DAO Governance Surfaces,https://github.com/notchia/dao-governance-surfaces,46.2,6,"While the project offers a transparent, open-source tool for analyzing DAO governance structures (supporting evidence-based decisions and campaign infrastructure for digital governance), its primary b"
242,Sci-Hub,https://sci-hub.se,46,24,"Free access to research enables counter-disinformation through knowledge liberation (C2) and evidence-based strategies (C3), with tangential campaign utility (C1) and global reach (C6), but lacks orga"
243,Papertree,https://www.papertree.earth,46.0,20,"Thin dossier limits assessment, but supports evidence-based climate accountability (C3: 12) and some organising for advocates (C4: 6); low on campaign (C1: 3) and info warfare (C2: 2), privacy unmenti"
244,Aragon,https://aragon.org,45.9,24,"Offers community organising for DAOs (C4: 11) and evidence-based governance (C3: 12), with campaign infrastructure potential (C1: 9) and high transferability (C6: 6); partial open-source and scalabili"
245,Filmot,https://filmot.com,45.9,24,"YouTube caption search aids journalists in info warfare tracking (C2:11), with global cross-context (C6:6) and tangential evidence (C3:8), but minimal campaign (C1:3), community (C4:1), privacy (C5:5)"
246,UrbanistAI,https://site.urbanistai.com,45.8,24,"Low scores across C1-C4 due to its focus on urban planning and AI participation rather than direct campaign tools, disinformation analysis, or volunteer mobilization, with only minor points for C3 evi"
247,Responsible Tech Guide 2025,https://alltechishuman.org/responsible-tech-guide-2025,45.8,5,"The Responsible Tech Guide 2025 is a well-curated international resource for professionals and advocates, but lacks clear evidence of participatory democracy, community ownership, or direct support fo"
248,Plinth,https://www.plinth.org.uk,45.6,24,"AI platform aids community impact measurement (C3: 14) and organising (C4: 10), tangentially campaigns (C1: 8); low info warfare (C2: 3), privacy unmentioned (C5: 5), UK-limited (C6: 2). Modifiers for"
249,Open Science Framework,https://osf.io,45.6,5,"While Open Science Framework provides open infrastructure for research collaboration and transparency, its primary users are academics rather than citizens, and there is little evidence of direct part"
250,Snowdrift.coop,https://snowdrift.coop,45.5,24,"As a cooperative for funding public goods like open source projects, it aids community organising and volunteer mobilisation (C4) with open source accessibility (C6 implied), but lacks direct ties to "
251,dDocs,https://ddocs.new,45.5,15,"DDocs scores well on C5 for decentralized privacy-respecting design and C6 for international generalizability, with moderate C4 for civic community support, but lower on core campaign (C1), disinfo (C"
252,PostBug,https://postbug.com,45.4,23,"Postbug excels in C1 for direct voter/rep contact via postcards aiding campaigns, with good C4 for advocacy mobilisation, but low on C2, C3, C5, and C6 UK-specific. Modifiers boost progressive advocac"
253,FixMyBlock,https://fixmyblock.org,45,24,"Action guides empower tenants against housing authorities (C4:9, C3:10), with some campaign tangents (C1:7), but UK-specific (C6:2), no info warfare (C2:3), standard privacy (C5:5); grant-funded but p"
254,The Accountability Project,https://publicaccountability.org,44.8,5,"The Accountability Project provides valuable infrastructure for journalists and researchers to access public records, supporting evidence-based decision-making and transparency, but lacks clear partic"
255,Nook CRM,https://nookcrm.com,44.6,5,"Nook CRM provides campaign infrastructure and supports community energy groups, but lacks evidence of participatory democracy, open source, or strong privacy/inclusion practices, resulting in a modera"
256,postcodes.io,https://github.com/ideal-postcodes/postcodes.io,44.4,9,"Postcodes.io provides open civic data infrastructure that supports evidence-driven research and civic applications, but its primary users are developers and institutions rather than directly empowerin"
257,Theft Bisect,https://onodi.co/bisect,44.2,5,"Theft Bisect is an open source, solo-developed tool with some grassroots intent to improve police efficiency and accountability in reviewing CCTV for bike theft, but the dossier provides only anecdota"
258,PlanIT,https://planit.org.uk,43.9,20,"PlanIT scores highly on C4 for community participation in planning and moderately on C1 and C3 for local decision tools, but low on C2, C5 due to proprietary design, and C6 limited to UK context. Modi"
259,Service Manual,https://www.gov.uk/service-manual,43.8,19,"Sceptical of government-led tech, I heavily penalise this UK public notification service for bolstering centralised state communication power (low C1, C4) with potential surveillance risks in data han"
260,GRIM (Global Risk Simulator),https://github.com/sentinelteam/grim,43.8,5,"GRIM provides open-source, multi-channel infrastructure for global risk simulation and foresight, but its focus is on professional and research communities rather than participatory democracy or margi"
261,Objector.ai,https://objector.ai,43.7,24,"Tangential campaign utility for citizen challenges to planning (C1: 6) and some community mobilization potential (C4: 7), but weak on disinformation (C2: 1), evidence-based depth (C3: 6), and UK-limit"
262,Granicus,https://granicus.com/uk,43.5,24,"This proprietary government platform scores poorly from an anti-establishment view for bolstering centralized civic engagement without disrupting power structures, with low marks on campaign tools (C1"
263,Whoisology,https://whoisology.com,43.5,24,"This gets a moderate score for supporting C2 information warfare tracking via domain records and C3 data-driven investigations, tangentially useful for campaigns in C1, without promoting surveillance."
264,CivicPress,https://civicpress.io,43.4,24,"As early-stage open infrastructure for local government transparency, it supports information warfare countermeasures (C2) modestly and privacy via open source (C5), but lacks direct campaign utility "
265,GreenPT,https://greenpt.ai,43.3,24,"As a privacy-friendly AI chat platform, it scores high on privacy (C5: 10) and potentially evidence-based via analytics (C3: 8), but lacks direct campaign (C1: 3), info warfare (C2: 2), or organising "
266,Digital Account Management Toolkit,https://digitalcharitylab.org/product/digital-account-management-toolkit,43.2,5,"The toolkit provides practical infrastructure and some cybersecurity support for nonprofits but lacks evidence of participatory, community organizing, or democratic impact, and is not open source, res"
267,Beckton,https://richardpope.org/2017/03/05/beckton-a-tool-to-build,43.2,5,"Beckton demonstrates open-source, grassroots infrastructure potential for collective action and labour organising, but its lack of production deployment, user base, and abandonment as a prototype sign"
268,Charity Digital Skills Report,https://charitydigitalskills.co.uk,43,5,"This project provides annual survey data to support digital upskilling in the UK charity sector, but lacks evidence of participatory democracy, direct impact on marginalized communities, or robust met"
269,Hand-Written Petition Scanner,https://hand-written-petition-scanner.streamlit.app,42.7,18,"This tool tangentially supports campaign infrastructure through digitization for activists (C1: 8), offers limited counter-disinformation utility (C2: 4), enables some evidence-based analysis of petit"
270,UK Policy Dojo,https://github.com/mikekelly/policy-dojo,42.6,5,"Policy Dojo is an open-source, experimental AI-assisted policy deliberation tool with grassroots origins, but its lack of documented impact, minimal community organizing, and absence of democratic saf"
271,arXiv,https://arxiv.org,42.5,24,"Provides evidence-based research access (C3: 14) with tangential info warfare utility (C2: 8) and community features (C4: 4), but weak direct campaign ties (C1: 4) and privacy not emphasised (C5: 5); "
272,CharmVerse,https://charmverse.io,42.5,24,"As a web3 platform for DAO communities, it scores moderately on community organising (C4) due to its focus on coordination but low on campaign infrastructure (C1) and information warfare (C2), with pr"
273,ORCID,https://orcid.org,42.5,24,"ORCID scores low on campaign-specific criteria like C1, C2, and C4 as it's primarily an academic identifier tool with tangential political applications, though it excels in C6 for global transferabili"
274,PoliMonitor,https://www.polimonitor.com,42.4,20,"Monitoring political discussions supports info warfare (C2: 12) and evidence-based engagement (C3: 12), some campaign utility (C1: 10); low organising (C4: 3), privacy standard (C5: 5), UK-limited (C6"
275,Dunadyne,https://dunadyne.org,42,18,"Sceptical of decentralised claims in proprietary SaaS, I rate this collective intelligence platform moderately for community organising (C4:10) and evidence-based decisions via data analysis (C3:11), "
276,Urbit,https://urbit.org,41.8,24,"I score this low-to-moderate as it strongly supports C5 privacy through self-sovereignty design but lacks direct campaign utility in C1-C3 and only marginally aids organising in C4, aligning with my a"
277,Local Deep Researcher,https://local-deep-researcher-hnmh.vercel.app,41.4,16,"The dossier for this project is exceptionally thin, providing minimal evidence for evaluation and triggering a low confidence score. Based on the available information, it appears to be a generic rese"
278,Nestr,https://nestr.io,41.3,24,"Moderate scores for community organising via self-organising collaboration tools, with some evidence-based features, but proprietary nature hurts privacy and accessibility, and no disinformation focus"
279,GOV Reuse Library,https://dev.reuselibrary.service.justice.gov.uk,40.6,5,"While the GOV Reuse Library provides infrastructure for government digital teams and partially open sources its content, it primarily serves institutional users, lacks evidence of participatory democr"
280,Agencies for Good,https://www.agenciesforgood.org,40.6,5,"Agencies for Good demonstrates value as a network supporting socially impactful tech work, but lacks direct evidence of participatory democracy, campaign infrastructure, or robust information warfare "
281,User Research Library,https://research.localgov.digital,40,5,"The User Research Library provides infrastructure for local government service design and evidence-based decision-making, but primarily serves institutional users rather than citizens, lacks participa"
282,The Guide to Major Trusts 2025/26,https://www.dsc.org.uk/publication/the-guide-to-major-trusts-2025-26,40,5,"This project provides valuable civic data access for UK nonprofits and charities but serves primarily institutional users, lacks participatory or justice-oriented features, and offers limited evidence"
283,Registers and collaboration: making lists we can trust,https://theodi.org/insights/reports/registers-and-collaboration-making-lists-we-can-trust-report,40,4,"The project advances transparency in civic data management but primarily serves professional and institutional users, with limited evidence for participatory democracy or social justice impact; modest"
284,Objector.ai,https://www.objector.ai,39.8,24,"This project scores low on campaign infrastructure (C1: 5) and information warfare (C2: 1) as it's focused on civic planning objections rather than electoral tools, but moderately on community organis"
285,Yoti,https://www.yoti.com,39.7,24,"Yoti's digital identity platform offers privacy-respecting verification potentially useful for secure campaigning under C5, but lacks direct political ties in C1-C4 and raises surveillance concerns de"
286,The Decelerator,https://decelerator.org.uk,39.6,5,"The Decelerator provides support infrastructure to UK civil society organisations facing closures and transitions, modestly advancing campaign infrastructure and community organising but lacking evide"
287,Local Insight,https://localinsight.org,39.2,5,"Local Insight provides scalable data infrastructure for local authorities and charities but primarily serves institutional users, lacks evidence of participatory or justice-oriented features, is not o"
288,The List,https://the-list.uk,39.1,24,"Focused on tracking grants for nonprofits, it provides minor evidence-based support (C3) but negligible campaign (C1), disinformation (C2), or mobilisation (C4) features, limited to UK context (C6 low"
289,Esper,https://esper.com/product,38.6,23,"As a critic of government tech, I heavily penalise this policy management platform for centralised power risks (C1:10 tangential, C5:3 low privacy), despite some evidence-based (C3:10) and community ("
290,OA.Report,https://oa.report,38.5,24,"Low scores across most criteria due to limited direct relevance to political campaigns or disinformation (C1: 2, C2: 1, C4: 1), though it supports evidence-based tracking for research funders (C3: 12)"
291,AISafety.info,https://aisafety.info,38.2,24,"Limited direct campaign or organising utility (C1: 5, C4: 3), but offers some evidence-based analysis for AI risks relevant to info warfare (C2: 12, C3: 12), with good transferability (C6: 5) and part"
292,Shareyourpaper.org,https://shareyourpaper.org,38,24,"This project scores low on core criteria like C1, C2, and C3 as it focuses on academic paper sharing rather than political campaigns, disinformation countermeasures, or evidence-based political decisi"
293,CivicMatch,https://civicmatch.app,37.6,18,"Moderate scores on C1 and C4 for connecting citizens to opportunities and representatives, but weak across C2, C3, and C6 given national scope and lack of evidence-based tools. Modifiers: +2 neutral, "
294,DeepSeek-V3,https://github.com/deepseek-ai/deepseek-v3,37,1,"While DeepSeek-V3 is a technically impressive, partially open-source AI platform with some community contribution mechanisms, the dossier provides little evidence of participatory democracy, social ju"
295,Modular Politics,https://arxiv.org/abs/2005.13701,36.9,16,"As a specific arXiv entry, it mirrors the platform's strengths in evidence-based scholarly access (C3: 14) and tangential analysis (C2: 8), but lacks direct campaign or organising impact (C1: 4, C4: 4"
296,PolicyMogul,https://policymogul.com,36.9,14,"PolicyMogul provides usable tools for public affairs campaigns (C1: 12) and some evidence-based support (C3: 8), but lacks disinformation (C2: 3), community (C4: 2), and has standard privacy (C5: 4) w"
297,RightDD,https://www.rightsdd.com,35.6,5,"RightsDD provides ESG and human rights risk management tools primarily for corporate compliance professionals, showing some alignment with information warfare and campaign infrastructure criteria, but"
298,Polimorphic,https://www.polimorphic.com,35.2,21,"Government-focused AI for operations scores low on campaign (C1: 4) and organising (C4: 4), some evidence-based (C3: 10); info warfare minimal (C2: 3), privacy unmentioned (C5: 4), US-limited (C6: 2)."
299,soweego,https://soweego.readthedocs.io,35.0,24,"Primarily a data linking tool for Wikidata, it offers tangential evidence-based support (C3) through open data practices but scores minimally on campaign infrastructure (C1), disinformation analysis ("
300,Dovetail,https://dovetail.network,34.0,24,"From an anti-establishment view, this matchmaking service for non-profits and agencies scores low on core criteria, offering tangential community tools (C4:6) and cross-context potential (C6:4), but m"
301,PatCit,https://github.com/cverluise/patcit,34,5,"PatCit provides open patent citation data for academic and policy research, but lacks evidence of participatory democracy, community organising, or direct service to marginalised groups, and is primar"
302,The DAO (Standard DAO Framework),https://github.com/vbuterin/dao,33.2,5,"While the Standard DAO Framework nominally supports participatory democracy and is open source, the dossier provides little evidence of active community organising, privacy/GDPR compliance, or credibl"
303,Mapping.kids,https://mapping.kids,32.1,17,"Low scores across C1-C3 due to educational focus with no clear campaign or disinformation applications, though C4 and C6 benefit from community and international use; thin dossier limits depth, but co"
304,DoNotPay,https://www.donotpay.com,31.5,19,"From my disruption-sceptic viewpoint, DoNotPay earns points for evidence-based AI assistance (C3) and generalisability (C6), with implicit progressive consumer advocacy (M1), but it falters on privacy"
305,Collab.Land,https://collab.land,30.8,20,"Web3 token-gating aids community management (C4) and has some global reach (C6), but low on campaign (C1), disinformation (C2), and privacy due to onchain exposure (C5); modifiers add for multi-platfo"
306,GovWise,https://www.govwise.ai/en,29.9,19,"As a bot-sceptic, I view GovWise's AI-driven procurement automation warily, scoring it for evidence-based bid decisions (C3) but penalising heavy automation (M4) and privacy risks in proprietary handl"
307,WorkInCharities,https://www.workincharities.co.uk,28.8,23,"Work in Charities serves nonprofit job seekers with limited ties to political campaigns or organising under C1 and C4, offering minimal evidence-based features in C3 and UK-only scope per C6. Modifier"
