rank,project_name,url,score,criteria_total,modifier_adj,completeness,uncertainty,popularity_risk,primary_driver,rationale
1,Ushahidi,https://www.ushahidi.com,62.8,42.8,20,0.96,LOW,HIGH,modifier,"Ushahidi operates in Sudan -- a fragile context I know from direct experience where technology must work under constraints most designers never consider. Modifiers significantly shaped this score (M1:+15, M3:+10). Popularity risk is high -- stripping the documentation advantage, I would estimate roughly 7 points lower."
2,Fundación Ciudadanía Inteligente,https://ciudadaniai.org,54.1,36.1,18,0.96,LOW,MEDIUM,modifier,"The participatory design evidence in Fundación Ciudadanía Inteligente's dossier reflects the solidarity-over-rescue principle I hold central. Modifiers significantly shaped this score (M1:+15, M6:+3)."
3,OpenCRVS,https://www.opencrvs.org,49.7,29.7,20,0.96,LOW,HIGH,modifier,"""Open source digital civil registration and vital statistics system for every person on the planet"" -- OpenCRVS has a real health equity dimension that my constitution rewards. Modifiers significantly shaped this score (M1:+15, M3:+10). Popularity risk is high -- stripping the documentation advantage, I would estimate roughly 5 points lower."
4,Humanitarian OpenStreetMap Team (HOT),https://www.hotosm.org,48.1,28.1,20,0.96,LOW,MEDIUM,modifier,"Humanitarian OpenStreetMap Team (HOT) operates in Afghanistan -- a fragile context I know from direct experience where technology must work under constraints most designers never consider. Modifiers significantly shaped this score (M1:+15, M3:+10, M5:+4)."
5,Tracka,https://yourtracka.org,48.0,36.0,12,0.86,LOW,MEDIUM,criteria,"""Monitor the status of federal and state projects in your community and take action on implementation..."" -- Tracka has a real health equity dimension that my constitution rewards. Primary driver: community-centred design."
6,LiquidFeedback,https://liquidfeedback.com,46.1,31.1,15,0.96,LOW,MEDIUM,modifier,The participatory design evidence in LiquidFeedback's dossier reflects the solidarity-over-rescue principle I hold central. Modifiers significantly shaped this score (M1:+15).
7,Participedia,https://participedia.net,46.1,31.1,15,0.88,LOW,MEDIUM,modifier,The participatory design evidence in Participedia's dossier reflects the solidarity-over-rescue principle I hold central. Modifiers significantly shaped this score (M1:+15).
8,Open Contracting Partnership,https://www.open-contracting.org,42.3,22.3,20,0.98,LOW,MEDIUM,modifier,"""Open, fair & efficient public contracting to improve US$2 trillion in annual public procur..."" -- Open Contracting Partnership has a clear purpose, though its connection to my health equity and decolonial criteria is limited. Modifiers significantly shaped this score (M1:+15, M5:+4, M6:+3)."
9,Guardian Project,https://guardianproject.info,41.6,21.6,20,0.92,LOW,HIGH,modifier,"Guardian Project operates in Syria -- a fragile context I know from direct experience where technology must work under constraints most designers never consider. Modifiers significantly shaped this score (M1:+15, M3:+7). Popularity risk is high -- stripping the documentation advantage, I would estimate roughly 5 points lower."
10,Open Data Editor (ODE),https://okfn.org/en/projects/open-data-editor/,41.1,26.1,15,1.0,LOW,HIGH,modifier,"""A no-code desktop app for error-free spreadsheets with guaranteed privacy and FAIR data"" -- Open Data Editor (ODE) has a clear purpose, though its connection to my health equity and decolonial criteria is limited. Modifiers significantly shaped this score (M1:+15). Popularity risk is high -- stripping the documentation advantage, I would estimate roughly 5 points lower."
11,ODK (Open Data Kit),https://getodk.org,40.7,24.7,16,0.94,LOW,MEDIUM,modifier,"ODK (Open Data Kit) demonstrates genuine conflict-zone applicability, something I value highly from my decade in fragile states. Modifiers significantly shaped this score (M1:+12, M2:-6, M3:+10)."
12,AlgorithmWatch,https://algorithmwatch.org,40.5,25.5,15,0.98,LOW,LOW,modifier,"AlgorithmWatch demonstrates genuine conflict-zone applicability, something I value highly from my decade in fragile states. Modifiers significantly shaped this score (M1:+5, M3:+10)."
13,Bellingcat Online Investigation Toolkit,https://bellingcat.gitbook.io/toolkit,40.1,30.1,10,0.92,LOW,MEDIUM,criteria,"Bellingcat Online Investigation Toolkit demonstrates genuine conflict-zone applicability, something I value highly from my decade in fragile states. Primary driver: ethical infrastructure."
14,Open Ownership,https://www.openownership.org,39.1,21.1,18,0.96,LOW,LOW,modifier,"Open Ownership works in government transparency, which is outside my core health equity focus but has governance dimensions I can evaluate. Modifiers significantly shaped this score (M1:+15, M6:+3)."
15,VFRAME,https://vframe.io,38.3,23.3,15,0.96,LOW,MEDIUM,modifier,"VFRAME operates in Syria -- a fragile context I know from direct experience where technology must work under constraints most designers never consider. Modifiers significantly shaped this score (M1:+5, M3:+10)."
16,Open Collective,https://opencollective.com,38.2,23.2,15,0.87,LOW,MEDIUM,modifier,What stands out about Open Collective is genuine community ownership -- not just deployment in underserved contexts but governance power held locally. Modifiers significantly shaped this score (M1:+15).
17,OpenSanctions,https://www.opensanctions.org,38.2,28.2,10,0.94,LOW,MEDIUM,criteria,"OpenSanctions demonstrates genuine conflict-zone applicability, something I value highly from my decade in fragile states. Primary driver: ethical infrastructure."
18,Open Supply Hub,https://opensupplyhub.org,37.9,22.9,15,0.89,LOW,LOW,modifier,"Open Supply Hub works in supply chain accountability, which is outside my core health equity focus but has governance dimensions I can evaluate. Modifiers significantly shaped this score (M1:+15)."
19,Mastodon,https://github.com/mastodon/mastodon,37.8,18.8,19,0.96,LOW,HIGH,modifier,"Mastodon works in digital rights infrastructure, which is outside my core health equity focus but has governance dimensions I can evaluate. Modifiers significantly shaped this score (M1:+12, M3:+7). Popularity risk is high -- stripping the documentation advantage, I would estimate roughly 5 points lower."
20,Decidim,https://decidim.org,37.6,25.6,12,0.96,LOW,HIGH,modifier,"The participatory design evidence in Decidim's dossier reflects the solidarity-over-rescue principle I hold central. Modifiers significantly shaped this score (M1:+12). Popularity risk is high -- stripping the documentation advantage, I would estimate roughly 5 points lower."
21,Creative Commons,https://creativecommons.org,37.1,19.1,18,0.94,LOW,HIGH,modifier,"Creative Commons engages with governance redistribution in ways that resonate with my decolonial commitments. Modifiers significantly shaped this score (M1:+15, M6:+3). Popularity risk is high -- stripping the documentation advantage, I would estimate roughly 5 points lower."
22,RxC Voice,https://github.com/radicalxchange/rxc-voice,36.8,36.8,0,0.81,LOW,LOW,criteria,"""An app for decentralized democratic governance leveraging Quadratic Funding, pol.is, and Quadratic V..."" -- RxC Voice has a real health equity dimension that my constitution rewards. Primary driver: health equity."
23,Agencies for Good,https://www.agenciesforgood.org,36.4,31.4,5,0.77,LOW,LOW,criteria,What stands out about Agencies for Good is genuine community ownership -- not just deployment in underserved contexts but governance power held locally. Primary driver: community-centred design.
24,HURIDOCS,https://github.com/huridocs,35.1,20.1,15,0.96,LOW,MEDIUM,modifier,"HURIDOCS demonstrates genuine conflict-zone applicability, something I value highly from my decade in fragile states. Modifiers significantly shaped this score (M1:+5, M3:+10)."
25,ShineYourEye,https://www.shineyoureye.org,34.5,22.5,12,0.63,LOW,LOW,criteria,The participatory design evidence in ShineYourEye's dossier reflects the solidarity-over-rescue principle I hold central. Primary driver: community-centred design.
26,Open Heart Mind (OHM),https://openheartmind.org,34.3,29.3,5,0.87,LOW,LOW,criteria,Open Heart Mind (OHM) engages with governance redistribution in ways that resonate with my decolonial commitments. Primary driver: decolonial governance.
27,GlobaLeaks,https://www.globaleaks.org,34.1,19.1,15,0.92,LOW,MEDIUM,modifier,"GlobaLeaks demonstrates genuine conflict-zone applicability, something I value highly from my decade in fragile states. Modifiers significantly shaped this score (M1:+5, M3:+10)."
28,Granicus,https://granicus.com/uk,34.1,19.1,15,0.77,LOW,LOW,modifier,"Granicus has some relevance to my framework but does not strongly engage with the health equity or power redistribution questions that drive my highest scores. Modifiers significantly shaped this score (M1:+5, M3:+7, M6:+3)."
29,adhocracy+,https://adhocracy.plus,33.6,23.6,10,0.96,LOW,LOW,criteria,"adhocracy+ demonstrates genuine conflict-zone applicability, something I value highly from my decade in fragile states. Primary driver: community-centred design."
30,Open Council Network,https://opencouncil.network,33.5,33.5,0,0.92,LOW,LOW,criteria,What stands out about Open Council Network is genuine community ownership -- not just deployment in underserved contexts but governance power held locally. Primary driver: community-centred design.
31,Security First / Umbrella,https://secfirst.org,33.1,21.1,12,0.94,LOW,LOW,modifier,"Security First / Umbrella has some relevance to my framework but does not strongly engage with the health equity or power redistribution questions that drive my highest scores. Modifiers significantly shaped this score (M1:+5, M3:+7)."
32,Labour Xchange,https://labourxchange.uk,32.6,14.6,18,0.75,LOW,LOW,modifier,"Labour Xchange demonstrates genuine conflict-zone applicability, something I value highly from my decade in fragile states. Modifiers significantly shaped this score (M1:+8, M3:+10)."
33,Open Digital Planning,https://opendigitalplanning.org/,32.1,29.1,3,0.98,LOW,MEDIUM,criteria,Open Digital Planning engages with governance redistribution in ways that resonate with my decolonial commitments. Primary driver: community-centred design.
34,Mozilla Data Collective,https://datacollective.mozillafoundation.org/,31.9,23.9,8,0.9,LOW,LOW,criteria,Mozilla Data Collective has some relevance to my framework but does not strongly engage with the health equity or power redistribution questions that drive my highest scores. Primary driver: ethical infrastructure.
35,One Project,https://oneproject.org/,31.9,31.9,0,0.85,LOW,LOW,criteria,What stands out about One Project is genuine community ownership -- not just deployment in underserved contexts but governance power held locally. Primary driver: community-centred design.
36,Bonfire,https://bonfirenetworks.org/,31.8,31.8,0,0.9,LOW,LOW,criteria,Bonfire engages with governance redistribution in ways that resonate with my decolonial commitments. Primary driver: community-centred design.
37,CiviCRM,https://civicrm.org,31.5,16.5,15,0.94,LOW,MEDIUM,modifier,The participatory design evidence in CiviCRM's dossier reflects the solidarity-over-rescue principle I hold central. Modifiers significantly shaped this score (M1:+15).
38,Logos,https://logos.co/,30.6,30.6,0,0.85,LOW,LOW,criteria,Logos engages with governance redistribution in ways that resonate with my decolonial commitments. Primary driver: decolonial governance.
39,Martus,https://www.martus.org,30.5,15.5,15,0.83,LOW,MEDIUM,modifier,Martus has some relevance to my framework but does not strongly engage with the health equity or power redistribution questions that drive my highest scores. Modifiers significantly shaped this score (M1:+15).
40,Cybersecurity for Democracy,https://cybersecurityfordemocracy.org,30.4,23.4,7,0.96,LOW,LOW,criteria,Cybersecurity for Democracy has some relevance to my framework but does not strongly engage with the health equity or power redistribution questions that drive my highest scores. Primary driver: ethical infrastructure.
41,Awesome UK Government Datasets,https://github.com/i-dot-ai/awesome-gov-datasets,30.1,23.1,7,0.9,LOW,LOW,criteria,"""A curated list of references to useful UK Government datasets"" -- Awesome UK Government Datasets has a real health equity dimension that my constitution rewards. Primary driver: health equity."
42,ОПОРА (Opora),https://www.oporaua.org,30.1,23.1,7,0.94,LOW,MEDIUM,criteria,ОПОРА (Opora) has some relevance to my framework but does not strongly engage with the health equity or power redistribution questions that drive my highest scores. Primary driver: community-centred design.
43,Unknown Academic Paper (SSRN 5351275),https://papers.ssrn.com/sol3/papers.cfm?abstract_id=5351275,30,0.0,0,0.31,HIGH,NONE,underdog-protection,"The Unknown Academic Paper (SSRN 5351275) website appears to be down, which limits what I can verify about this project. Uncertainty floor applies at completeness 0.31."
44,tracking-template-38b4c.web.app,https://tracking-template-38b4c.web.app,30,0.6,0,0.3,HIGH,NONE,underdog-protection,The dossier for tracking-template-38b4c.web.app is thin -- I apply underdog protection rather than penalise what may reflect difficult operating contexts. Uncertainty floor applies at completeness 0.3.
45,Open Standards for Data Guidebook,https://standards.theodi.org,29.6,29.6,0,0.94,LOW,LOW,criteria,Open Standards for Data Guidebook engages with governance redistribution in ways that resonate with my decolonial commitments. Primary driver: ethical infrastructure.
46,Constitute Project,https://constituteproject.org,29.4,13.4,16,0.92,LOW,LOW,modifier,"The participatory design evidence in Constitute Project's dossier reflects the solidarity-over-rescue principle I hold central. Modifiers significantly shaped this score (M1:+12, M5:+4)."
47,Monitor Mamdani,https://monitormamdani.com/,29.1,24.1,5,0.77,LOW,HIGH,criteria,"The participatory design evidence in Monitor Mamdani's dossier reflects the solidarity-over-rescue principle I hold central. Primary driver: community-centred design. Popularity risk is high -- stripping the documentation advantage, I would estimate roughly 5 points lower."
48,mySociety Datasets and APIs,https://data.mysociety.org,29.1,24.1,5,0.92,LOW,MEDIUM,criteria,The participatory design evidence in mySociety Datasets and APIs's dossier reflects the solidarity-over-rescue principle I hold central. Primary driver: community-centred design.
49,Humble Data Workshop,https://humbledata.org,28.6,9.6,19,0.83,LOW,LOW,modifier,"Humble Data Workshop has some relevance to my framework but does not strongly engage with the health equity or power redistribution questions that drive my highest scores. Modifiers significantly shaped this score (M1:+15, M5:+4)."
50,Civic Tech Field Guide,https://civictech.guide,28.4,23.4,5,0.8,LOW,LOW,criteria,The participatory design evidence in Civic Tech Field Guide's dossier reflects the solidarity-over-rescue principle I hold central. Primary driver: community-centred design.
51,Discourse,https://www.discourse.org,28.4,16.4,12,0.88,LOW,HIGH,modifier,"The participatory design evidence in Discourse's dossier reflects the solidarity-over-rescue principle I hold central. Modifiers significantly shaped this score (M1:+12). Popularity risk is high -- stripping the documentation advantage, I would estimate roughly 5 points lower."
52,GOV.UK One Login,https://www.sign-in.service.gov.uk,28.4,18.4,10,0.96,LOW,LOW,modifier,"GOV.UK One Login demonstrates genuine conflict-zone applicability, something I value highly from my decade in fragile states. Modifiers significantly shaped this score (M3:+10)."
53,Open Science Framework,https://osf.io,28.4,16.4,12,0.89,LOW,MEDIUM,modifier,"Open Science Framework has some relevance to my framework but does not strongly engage with the health equity or power redistribution questions that drive my highest scores. Modifiers significantly shaped this score (M1:+5, M3:+7)."
54,GOV.UK Forms,https://www.forms.service.gov.uk,27.4,27.4,0,0.92,LOW,LOW,criteria,"""Create accessible online forms for UK government without technical knowledge"" -- GOV.UK Forms has a real health equity dimension that my constitution rewards. Primary driver: health equity."
55,Open Access – Transparency International UK,https://openaccess.transparency.org.uk,27.4,20.4,7,0.65,LOW,LOW,criteria,"The Open Access – Transparency International UK website appears to be down, which limits what I can verify about this project. Primary driver: community-centred design."
56,Diia,https://expo.diia.gov.ua,27.3,20.3,7,0.98,LOW,MEDIUM,criteria,"Diia demonstrates genuine conflict-zone applicability, something I value highly from my decade in fragile states. Primary driver: ethical infrastructure."
57,Aleph (OCCRP),https://aleph.occrp.org,27.1,27.1,0,0.91,LOW,MEDIUM,criteria,Aleph (OCCRP) engages with governance redistribution in ways that resonate with my decolonial commitments. Primary driver: ethical infrastructure.
58,Participa (Podemos),https://github.com/podemos-info/participa,27.1,27.1,0,0.94,LOW,LOW,criteria,The participatory design evidence in Participa (Podemos)'s dossier reflects the solidarity-over-rescue principle I hold central. Primary driver: community-centred design.
59,deliberAIde,https://www.deliberaide.com,27.1,27.1,0,0.86,LOW,LOW,criteria,The participatory design evidence in deliberAIde's dossier reflects the solidarity-over-rescue principle I hold central. Primary driver: community-centred design.
60,Parliament Watch Uganda,https://parliamentwatch.ug/,26.8,18.8,8,0.63,LOW,LOW,criteria,The participatory design evidence in Parliament Watch Uganda's dossier reflects the solidarity-over-rescue principle I hold central. Primary driver: community-centred design.
61,PlanIT,https://planit.org.uk,26.8,19.8,7,0.69,LOW,LOW,criteria,"The PlanIT website appears to be down, which limits what I can verify about this project. Primary driver: community-centred design."
62,OSINT Framework,https://osintframework.com,26.6,16.6,10,0.81,LOW,MEDIUM,modifier,"OSINT Framework demonstrates genuine conflict-zone applicability, something I value highly from my decade in fragile states. Modifiers significantly shaped this score (M3:+10)."
63,Wikidata,https://www.wikidata.org,26.6,21.6,5,0.94,LOW,HIGH,criteria,"Wikidata has some relevance to my framework but does not strongly engage with the health equity or power redistribution questions that drive my highest scores. Primary driver: ethical infrastructure. Popularity risk is high -- stripping the documentation advantage, I would estimate roughly 5 points lower."
64,Nestr,https://nestr.io,26.2,22.2,4,0.71,LOW,LOW,criteria,The participatory design evidence in Nestr's dossier reflects the solidarity-over-rescue principle I hold central. Primary driver: community-centred design.
65,Marks Out Of Tenancy,https://www.marksoutoftenancy.com,26.1,26.1,0,0.75,LOW,LOW,criteria,The participatory design evidence in Marks Out Of Tenancy's dossier reflects the solidarity-over-rescue principle I hold central. Primary driver: community-centred design.
66,Nyaaya,https://nyaaya.org,26.1,17.1,9,0.9,LOW,MEDIUM,criteria,Nyaaya has some relevance to my framework but does not strongly engage with the health equity or power redistribution questions that drive my highest scores. Primary driver: community-centred design.
67,Activist Handbook,https://activisthandbook.org/,26.0,26.0,0,0.79,LOW,LOW,criteria,Activist Handbook engages with governance redistribution in ways that resonate with my decolonial commitments. Primary driver: community-centred design.
68,Pursuance Project,https://pursuanceproject.org,25.9,25.9,0,0.81,LOW,LOW,criteria,The participatory design evidence in Pursuance Project's dossier reflects the solidarity-over-rescue principle I hold central. Primary driver: community-centred design.
69,Give Food,https://www.givefood.org.uk,25.8,15.8,10,0.83,LOW,LOW,modifier,"The Give Food website appears to be down, which limits what I can verify about this project. Modifiers significantly shaped this score (M3:+10)."
70,Parti,https://parti.xyz,25.8,22.8,3,0.94,LOW,LOW,criteria,The participatory design evidence in Parti's dossier reflects the solidarity-over-rescue principle I hold central. Primary driver: community-centred design.
71,WriteToThem,https://www.writetothem.com,25.8,25.8,0,0.89,LOW,MEDIUM,criteria,The participatory design evidence in WriteToThem's dossier reflects the solidarity-over-rescue principle I hold central. Primary driver: community-centred design.
72,Cortico,https://cortico.ai/platform,25.6,25.6,0,0.82,LOW,LOW,criteria,The participatory design evidence in Cortico's dossier reflects the solidarity-over-rescue principle I hold central. Primary driver: community-centred design.
73,Tor Project,https://www.torproject.org,25.2,24.2,1,0.92,LOW,HIGH,criteria,"Tor Project has some relevance to my framework but does not strongly engage with the health equity or power redistribution questions that drive my highest scores. Primary driver: ethical infrastructure. Popularity risk is high -- stripping the documentation advantage, I would estimate roughly 5 points lower."
74,Nym,https://nymtech.net,25.1,18.1,7,0.79,LOW,MEDIUM,criteria,Nym engages with governance redistribution in ways that resonate with my decolonial commitments. Primary driver: decolonial governance.
75,ClimateAction.Tech,https://climateaction.tech,24.9,19.9,5,0.83,LOW,MEDIUM,criteria,ClimateAction.Tech engages with governance redistribution in ways that resonate with my decolonial commitments. Primary driver: decolonial governance.
76,Journalist Studio,https://journaliststudio.google.com,24.7,9.7,15,0.85,LOW,MEDIUM,modifier,"My constitution is not built to see what Journalist Studio does -- it lacks the health equity, decolonial governance, or conflict-zone dimensions I prioritise. Modifiers significantly shaped this score (M1:+15)."
77,Local Intelligence Hub,https://www.localintelligencehub.com,24.6,21.6,3,0.87,LOW,LOW,criteria,The participatory design evidence in Local Intelligence Hub's dossier reflects the solidarity-over-rescue principle I hold central. Primary driver: community-centred design.
78,Principles for Public Participation in Procurement of AI,https://p4ai.net,24.5,19.5,5,0.8,LOW,LOW,criteria,The participatory design evidence in Principles for Public Participation in Procurement of AI's dossier reflects the solidarity-over-rescue principle I hold central. Primary driver: community-centred design.
79,CONSUL Democracy,https://consulproject.org,24.4,19.4,5,0.98,LOW,MEDIUM,criteria,The participatory design evidence in CONSUL Democracy's dossier reflects the solidarity-over-rescue principle I hold central. Primary driver: community-centred design.
80,Tech Coops List,https://tech-coops.xyz,24.4,24.4,0,0.83,LOW,LOW,criteria,Tech Coops List engages with governance redistribution in ways that resonate with my decolonial commitments. Primary driver: community-centred design.
81,CoTech,https://coops.tech,24.2,24.2,0,0.79,LOW,LOW,criteria,What stands out about CoTech is genuine community ownership -- not just deployment in underserved contexts but governance power held locally. Primary driver: community-centred design.
82,Right To Know,https://right-to-know.org,24.1,17.1,7,0.78,LOW,LOW,criteria,"My constitution is not built to see what Right To Know does -- it lacks the health equity, decolonial governance, or conflict-zone dimensions I prioritise. Primary driver: health equity."
83,Humanitarian Data Exchange,https://data.humdata.org,23.8,13.8,10,0.92,LOW,MEDIUM,modifier,"Humanitarian Data Exchange demonstrates genuine conflict-zone applicability, something I value highly from my decade in fragile states. Modifiers significantly shaped this score (M3:+10)."
84,Matrix,https://matrix.org,23.6,23.6,0,0.94,LOW,HIGH,criteria,"My constitution is not built to see what Matrix does -- it lacks the health equity, decolonial governance, or conflict-zone dimensions I prioritise. Primary driver: ethical infrastructure. Popularity risk is high -- stripping the documentation advantage, I would estimate roughly 5 points lower."
85,Land Explorer,https://landexplorer.coop,23.2,18.2,5,0.75,LOW,LOW,criteria,Land Explorer engages with governance redistribution in ways that resonate with my decolonial commitments. Primary driver: community-centred design.
86,Turbo Phonebank,https://turbophonebank.com,23.2,23.2,0,0.71,LOW,LOW,criteria,The participatory design evidence in Turbo Phonebank's dossier reflects the solidarity-over-rescue principle I hold central. Primary driver: community-centred design.
87,Vote for Policies,https://voteforpolicies.org.uk,23.2,18.2,5,0.73,LOW,MEDIUM,criteria,The participatory design evidence in Vote for Policies's dossier reflects the solidarity-over-rescue principle I hold central. Primary driver: community-centred design.
88,CommunityRule,https://communityrule.info,23.1,23.1,0,0.92,LOW,LOW,criteria,The participatory design evidence in CommunityRule's dossier reflects the solidarity-over-rescue principle I hold central. Primary driver: community-centred design.
89,Talk to the City,https://talktothecity.org,23.0,23.0,0,0.89,LOW,LOW,criteria,The participatory design evidence in Talk to the City's dossier reflects the solidarity-over-rescue principle I hold central. Primary driver: community-centred design.
90,Moral Machine,https://moralmachine.net,22.8,18.8,4,0.89,LOW,MEDIUM,criteria,"My constitution is not built to see what Moral Machine does -- it lacks the health equity, decolonial governance, or conflict-zone dimensions I prioritise. Primary driver: ethical infrastructure."
91,Open Letter,https://openletter.earth,22.5,22.5,0,0.68,LOW,LOW,criteria,The participatory design evidence in Open Letter's dossier reflects the solidarity-over-rescue principle I hold central. Primary driver: community-centred design.
92,Remember to Vote,https://remembertovote.org.uk,22.4,22.4,0,0.71,LOW,LOW,criteria,The participatory design evidence in Remember to Vote's dossier reflects the solidarity-over-rescue principle I hold central. Primary driver: community-centred design.
93,The DAO (Standard DAO Framework),https://github.com/vbuterin/dao,22.4,22.4,0,0.83,LOW,LOW,criteria,The participatory design evidence in The DAO (Standard DAO Framework)'s dossier reflects the solidarity-over-rescue principle I hold central. Primary driver: community-centred design.
94,Bluesky,https://bsky.app,22.1,17.1,5,0.81,LOW,HIGH,criteria,"My constitution is not built to see what Bluesky does -- it lacks the health equity, decolonial governance, or conflict-zone dimensions I prioritise. Primary driver: ethical infrastructure. Popularity risk is high -- stripping the documentation advantage, I would estimate roughly 5 points lower."
95,Community Tech,https://www.communitytech.network,22.1,22.1,0,0.73,LOW,LOW,criteria,The participatory design evidence in Community Tech's dossier reflects the solidarity-over-rescue principle I hold central. Primary driver: community-centred design.
96,Rahvaalgatus,https://github.com/rahvaalgatus/rahvaalgatus,22.1,19.1,3,0.81,LOW,LOW,criteria,The participatory design evidence in Rahvaalgatus's dossier reflects the solidarity-over-rescue principle I hold central. Primary driver: community-centred design.
97,Viewpoints,https://viewpoints.xyz,22.1,22.1,0,0.75,LOW,LOW,criteria,The participatory design evidence in Viewpoints's dossier reflects the solidarity-over-rescue principle I hold central. Primary driver: community-centred design.
98,FarmerChat,https://farmerchat.digitalgreen.org,22.0,3.0,19,0.71,LOW,LOW,modifier,"My constitution is not built to see what FarmerChat does -- it lacks the health equity, decolonial governance, or conflict-zone dimensions I prioritise. Modifiers significantly shaped this score (M1:+15, M5:+4)."
99,Internet Archive Wayback Machine,https://web.archive.org,22.0,15.0,7,0.98,LOW,MEDIUM,criteria,"My constitution is not built to see what Internet Archive Wayback Machine does -- it lacks the health equity, decolonial governance, or conflict-zone dimensions I prioritise. Primary driver: conflict applicability."
100,OA.Works,https://oa.works/,21.9,16.9,5,0.94,LOW,MEDIUM,criteria,"My constitution is not built to see what OA.Works does -- it lacks the health equity, decolonial governance, or conflict-zone dimensions I prioritise. Primary driver: decolonial governance."
101,Populate Tools,https://github.com/populatetools,21.9,21.9,0,0.83,LOW,LOW,criteria,Populate Tools engages with governance redistribution in ways that resonate with my decolonial commitments. Primary driver: community-centred design.
102,The Data Trusts Initiative,https://datatrusts.uk,21.9,21.9,0,0.75,LOW,LOW,criteria,"My constitution is not built to see what The Data Trusts Initiative does -- it lacks the health equity, decolonial governance, or conflict-zone dimensions I prioritise. Primary driver: ethical infrastructure."
103,Understanding Your Morality,https://programs.clearerthinking.org/understanding-your-morality/,21.8,9.8,12,0.59,LOW,LOW,modifier,"My constitution is not built to see what Understanding Your Morality does -- it lacks the health equity, decolonial governance, or conflict-zone dimensions I prioritise. Modifiers significantly shaped this score (M1:+5, M3:+7)."
104,Prolific,https://www.prolific.com,21.7,21.7,0,0.77,LOW,LOW,criteria,"My constitution is not built to see what Prolific does -- it lacks the health equity, decolonial governance, or conflict-zone dimensions I prioritise. Primary driver: ethical infrastructure."
105,Relational Tech Project,https://relationaltechproject.org,21.6,21.6,0,0.61,LOW,LOW,criteria,The participatory design evidence in Relational Tech Project's dossier reflects the solidarity-over-rescue principle I hold central. Primary driver: community-centred design.
106,sourceAFRICA,https://sourceafrica.net,21.6,16.6,5,0.89,LOW,LOW,criteria,"My constitution is not built to see what sourceAFRICA does -- it lacks the health equity, decolonial governance, or conflict-zone dimensions I prioritise. Primary driver: community-centred design."
107,CKAN,https://ckan.org,21.5,21.5,0,0.96,LOW,HIGH,criteria,"My constitution is not built to see what CKAN does -- it lacks the health equity, decolonial governance, or conflict-zone dimensions I prioritise. Primary driver: community-centred design. Popularity risk is high -- stripping the documentation advantage, I would estimate roughly 5 points lower."
108,Loomio,https://www.loomio.org,21.4,21.4,0,0.92,LOW,HIGH,criteria,"My constitution is not built to see what Loomio does -- it lacks the health equity, decolonial governance, or conflict-zone dimensions I prioritise. Primary driver: community-centred design. Popularity risk is high -- stripping the documentation advantage, I would estimate roughly 5 points lower."
109,GRIM (Global Risk Simulator),https://github.com/sentinelteam/grim,21.2,11.2,10,0.92,LOW,HIGH,modifier,"GRIM (Global Risk Simulator) demonstrates genuine conflict-zone applicability, something I value highly from my decade in fragile states. Modifiers significantly shaped this score (M3:+10). Popularity risk is high -- stripping the documentation advantage, I would estimate roughly 5 points lower."
110,Organise,https://www.organise.org.uk,21.2,21.2,0,0.8,LOW,LOW,criteria,The participatory design evidence in Organise's dossier reflects the solidarity-over-rescue principle I hold central. Primary driver: community-centred design.
111,Teaching Public Service in the Digital Age,https://www.teachingpublicservice.digital,21.2,9.2,12,0.83,LOW,LOW,modifier,"My constitution is not built to see what Teaching Public Service in the Digital Age does -- it lacks the health equity, decolonial governance, or conflict-zone dimensions I prioritise. Modifiers significantly shaped this score (M1:+12)."
112,The Engine Room Library,https://library.theengineroom.org,21.2,21.2,0,0.83,LOW,LOW,criteria,"My constitution is not built to see what The Engine Room Library does -- it lacks the health equity, decolonial governance, or conflict-zone dimensions I prioritise. Primary driver: ethical infrastructure."
113,Anna's Archive,https://annas-archive.pm,21.1,21.1,0,0.72,LOW,MEDIUM,criteria,"The Anna's Archive website appears to be down, which limits what I can verify about this project. Primary driver: ethical infrastructure."
114,LittleSis,https://littlesis.org,21.1,21.1,0,0.94,LOW,MEDIUM,criteria,"My constitution is not built to see what LittleSis does -- it lacks the health equity, decolonial governance, or conflict-zone dimensions I prioritise. Primary driver: ethical infrastructure."
115,docs.plus,https://docs.plus,21.1,21.1,0,0.71,LOW,LOW,criteria,docs.plus engages with governance redistribution in ways that resonate with my decolonial commitments. Primary driver: community-centred design.
116,Metaculus,https://metaculus.com,21.0,21.0,0,0.79,LOW,LOW,criteria,"The Metaculus website appears to be down, which limits what I can verify about this project. Primary driver: community-centred design."
117,Alaveteli,https://alaveteli.org,20.8,20.8,0,0.94,LOW,MEDIUM,criteria,The participatory design evidence in Alaveteli's dossier reflects the solidarity-over-rescue principle I hold central. Primary driver: community-centred design.
118,Mapped,https://mapped.commonknowledge.coop,20.8,12.8,8,0.83,LOW,LOW,criteria,"My constitution is not built to see what Mapped does -- it lacks the health equity, decolonial governance, or conflict-zone dimensions I prioritise. Primary driver: community-centred design."
119,Society for Hopeful Technologists,https://societyforhopefultechnologists.org,20.8,15.8,5,0.75,LOW,LOW,criteria,"My constitution is not built to see what Society for Hopeful Technologists does -- it lacks the health equity, decolonial governance, or conflict-zone dimensions I prioritise. Primary driver: ethical infrastructure."
120,UrbanistAI,https://site.urbanistai.com,20.8,17.8,3,0.77,LOW,LOW,criteria,The participatory design evidence in UrbanistAI's dossier reflects the solidarity-over-rescue principle I hold central. Primary driver: community-centred design.
121,Strike Map,https://strikemap.org,20.6,20.6,0,0.75,LOW,LOW,criteria,"My constitution is not built to see what Strike Map does -- it lacks the health equity, decolonial governance, or conflict-zone dimensions I prioritise. Primary driver: community-centred design."
122,Your Priorities,https://yrpri.org,20.6,20.6,0,0.96,LOW,MEDIUM,criteria,The participatory design evidence in Your Priorities's dossier reflects the solidarity-over-rescue principle I hold central. Primary driver: community-centred design.
123,arXiv,https://arxiv.org,20.6,20.6,0,0.92,LOW,HIGH,criteria,"My constitution is not built to see what arXiv does -- it lacks the health equity, decolonial governance, or conflict-zone dimensions I prioritise. Primary driver: ethical infrastructure. Popularity risk is high -- stripping the documentation advantage, I would estimate roughly 5 points lower."
124,FixMyStreet,https://www.fixmystreet.com,20.4,20.4,0,0.94,LOW,MEDIUM,criteria,The participatory design evidence in FixMyStreet's dossier reflects the solidarity-over-rescue principle I hold central. Primary driver: community-centred design.
125,openparliament.ca,https://openparliament.ca/,20.4,20.4,0,0.85,LOW,MEDIUM,criteria,openparliament.ca engages with governance redistribution in ways that resonate with my decolonial commitments. Primary driver: decolonial governance.
126,Sci-Hub,https://sci-hub.se,20.3,13.3,7,0.58,LOW,MEDIUM,criteria,"The Sci-Hub website appears to be down, which limits what I can verify about this project. Primary driver: conflict applicability."
127,Go Vocal,https://www.govocal.com,20.1,20.1,0,0.8,LOW,LOW,criteria,The participatory design evidence in Go Vocal's dossier reflects the solidarity-over-rescue principle I hold central. Primary driver: community-centred design.
128,ORCID,https://orcid.org,20.1,15.1,5,0.89,LOW,HIGH,criteria,"My constitution is not built to see what ORCID does -- it lacks the health equity, decolonial governance, or conflict-zone dimensions I prioritise. Primary driver: ethical infrastructure. Popularity risk is high -- stripping the documentation advantage, I would estimate roughly 5 points lower."
129,rsky,https://github.com/blacksky-algorithms/rsky,20.1,20.1,0,0.85,LOW,LOW,criteria,"My constitution is not built to see what rsky does -- it lacks the health equity, decolonial governance, or conflict-zone dimensions I prioritise. Primary driver: health equity."
130,OpenElections Leaflet Scraper and Parser,https://github.com/thicknavyrain/uk_elections_leaflets,19.9,19.9,0,0.85,LOW,LOW,criteria,"My constitution is not built to see what OpenElections Leaflet Scraper and Parser does -- it lacks the health equity, decolonial governance, or conflict-zone dimensions I prioritise. Primary driver: decolonial governance."
131,Polis,https://github.com/compdemocracy/polis,19.9,19.9,0,0.96,LOW,HIGH,criteria,"My constitution is not built to see what Polis does -- it lacks the health equity, decolonial governance, or conflict-zone dimensions I prioritise. Primary driver: community-centred design. Popularity risk is high -- stripping the documentation advantage, I would estimate roughly 5 points lower."
132,Global Fact-Check Bot (GFC),https://globalfactcheck.bot/,19.8,14.8,5,0.82,LOW,LOW,criteria,"My constitution is not built to see what Global Fact-Check Bot (GFC) does -- it lacks the health equity, decolonial governance, or conflict-zone dimensions I prioritise. Primary driver: ethical infrastructure."
133,Aragon,https://aragon.org,19.7,19.7,0,0.87,LOW,MEDIUM,criteria,"My constitution is not built to see what Aragon does -- it lacks the health equity, decolonial governance, or conflict-zone dimensions I prioritise. Primary driver: ethical infrastructure."
134,Harmonica,https://harmonica.chat/,19.6,19.6,0,0.75,LOW,LOW,criteria,The participatory design evidence in Harmonica's dossier reflects the solidarity-over-rescue principle I hold central. Primary driver: community-centred design.
135,TheyWorkForYou,https://www.theyworkforyou.com,19.6,19.6,0,0.92,LOW,MEDIUM,criteria,The participatory design evidence in TheyWorkForYou's dossier reflects the solidarity-over-rescue principle I hold central. Primary driver: community-centred design.
136,Members' Interests,https://membersinterests.org.uk,19.5,19.5,0,0.65,LOW,MEDIUM,criteria,"The Members' Interests website appears to be down, which limits what I can verify about this project. Primary driver: community-centred design."
137,Data Observation Toolkit (DOT),https://github.com/datakind/data-observation-toolkit,19.2,14.2,5,0.94,LOW,LOW,criteria,"""Open-source toolkit to monitor data integrity and flag problems in public health and humanitarian da..."" -- Data Observation Toolkit (DOT) has a real health equity dimension that my constitution rewards. Primary driver: health equity."
138,MP Watch,https://www.mpwatch.org,19.2,19.2,0,0.75,LOW,LOW,criteria,The participatory design evidence in MP Watch's dossier reflects the solidarity-over-rescue principle I hold central. Primary driver: community-centred design.
139,PolicyKit,https://policykit.org,19.2,19.2,0,0.75,LOW,MEDIUM,criteria,"The PolicyKit website appears to be down, which limits what I can verify about this project. Primary driver: community-centred design."
140,Atlas of Surveillance,https://atlasofsurveillance.org,19.1,19.1,0,0.92,LOW,LOW,criteria,"My constitution is not built to see what Atlas of Surveillance does -- it lacks the health equity, decolonial governance, or conflict-zone dimensions I prioritise. Primary driver: ethical infrastructure."
141,Public AI Inference Utility,https://publicai.co/,19.1,19.1,0,0.9,LOW,LOW,criteria,"My constitution is not built to see what Public AI Inference Utility does -- it lacks the health equity, decolonial governance, or conflict-zone dimensions I prioritise. Primary driver: ethical infrastructure."
142,River Sentiment Dashboard,https://riversentiment.app,19.1,19.1,0,0.87,LOW,LOW,criteria,"""Displays social media sentiment about rivers alongside ecological status data for 450+ rivers in the..."" -- River Sentiment Dashboard has a real health equity dimension that my constitution rewards. Primary driver: health equity."
143,Turkopticon,https://turkopticon.ucsd.edu,19.1,19.1,0,0.87,LOW,MEDIUM,criteria,What stands out about Turkopticon is genuine community ownership -- not just deployment in underserved contexts but governance power held locally. Primary driver: decolonial governance.
144,vTaiwan,https://github.com/g0v/vue.vtaiwan.tw,19.1,19.1,0,0.92,LOW,LOW,criteria,vTaiwan engages with governance redistribution in ways that resonate with my decolonial commitments. Primary driver: community-centred design.
145,Charity Digital Skills Report,https://charitydigitalskills.co.uk,18.8,13.8,5,0.71,LOW,MEDIUM,criteria,"My constitution is not built to see what Charity Digital Skills Report does -- it lacks the health equity, decolonial governance, or conflict-zone dimensions I prioritise. Primary driver: ethical infrastructure."
146,Find local consultations,https://gov.uk/find-local-consultations,18.8,18.8,0,0.73,LOW,LOW,criteria,The participatory design evidence in Find local consultations's dossier reflects the solidarity-over-rescue principle I hold central. Primary driver: community-centred design.
147,Keep It In The Community,https://plunkett.my.site.com/keepitinthecommunity/s,18.8,18.8,0,0.59,LOW,LOW,criteria,"""A platform for community-driven civic engagement and local resource sharing"" -- Keep It In The Community has a real health equity dimension that my constitution rewards. Primary driver: health equity."
148,UK Housing Data Standards,https://hact.org.uk/tools-and-services/uk-housing-data-standards,18.8,15.8,3,0.94,LOW,LOW,criteria,"My constitution is not built to see what UK Housing Data Standards does -- it lacks the health equity, decolonial governance, or conflict-zone dimensions I prioritise. Primary driver: decolonial governance."
149,PostBug,https://postbug.com,18.7,13.7,5,0.67,LOW,LOW,criteria,The participatory design evidence in PostBug's dossier reflects the solidarity-over-rescue principle I hold central. Primary driver: community-centred design.
150,dDocs,https://ddocs.new/,18.6,18.6,0,0.61,LOW,LOW,criteria,What stands out about dDocs is genuine community ownership -- not just deployment in underserved contexts but governance power held locally. Primary driver: decolonial governance.
151,Ethelo,https://ethelo.com,18.4,18.4,0,0.96,LOW,MEDIUM,criteria,The participatory design evidence in Ethelo's dossier reflects the solidarity-over-rescue principle I hold central. Primary driver: community-centred design.
152,Kialo,https://kialo.com,18.4,18.4,0,0.77,LOW,LOW,criteria,The participatory design evidence in Kialo's dossier reflects the solidarity-over-rescue principle I hold central. Primary driver: community-centred design.
153,Parse The Bill,https://parsethebill.com,18.2,18.2,0,0.73,LOW,LOW,criteria,"My constitution is not built to see what Parse The Bill does -- it lacks the health equity, decolonial governance, or conflict-zone dimensions I prioritise. Primary driver: community-centred design."
154,All Our Ideas,https://all-our-ideas.citizens.is,17.9,17.9,0,0.73,LOW,LOW,criteria,The participatory design evidence in All Our Ideas's dossier reflects the solidarity-over-rescue principle I hold central. Primary driver: community-centred design.
155,Cobudget,https://cobudget.com,17.9,17.9,0,0.92,LOW,LOW,criteria,The participatory design evidence in Cobudget's dossier reflects the solidarity-over-rescue principle I hold central. Primary driver: community-centred design.
156,Open Council Data UK,https://opencouncildata.co.uk,17.9,17.9,0,0.67,LOW,LOW,criteria,"My constitution is not built to see what Open Council Data UK does -- it lacks the health equity, decolonial governance, or conflict-zone dimensions I prioritise. Primary driver: community-centred design."
157,Campaign Tracker,https://www.campaigntracker.nl/en,17.7,17.7,0,0.98,LOW,LOW,criteria,"My constitution is not built to see what Campaign Tracker does -- it lacks the health equity, decolonial governance, or conflict-zone dimensions I prioritise. Primary driver: ethical infrastructure."
158,The Government Says,https://thegovernmentsays.com,17.6,17.6,0,0.92,LOW,LOW,criteria,The Government Says engages with governance redistribution in ways that resonate with my decolonial commitments. Primary driver: decolonial governance.
159,Responsible Tech Guide 2025,https://alltechishuman.org/responsible-tech-guide-2025,17.5,12.5,5,0.69,LOW,LOW,criteria,"My constitution is not built to see what Responsible Tech Guide 2025 does -- it lacks the health equity, decolonial governance, or conflict-zone dimensions I prioritise. Primary driver: ethical infrastructure."
160,CiviClick,https://civiclick.com,17.4,17.4,0,0.69,LOW,LOW,criteria,The participatory design evidence in CiviClick's dossier reflects the solidarity-over-rescue principle I hold central. Primary driver: community-centred design.
161,Empurrando Juntas (EJ),https://sobre.ejparticipe.org,17.4,12.4,5,0.69,LOW,LOW,criteria,The participatory design evidence in Empurrando Juntas (EJ)'s dossier reflects the solidarity-over-rescue principle I hold central. Primary driver: community-centred design.
162,Pastecal,https://github.com/kazad/pastecal,17.4,17.4,0,0.83,LOW,LOW,criteria,"My constitution is not built to see what Pastecal does -- it lacks the health equity, decolonial governance, or conflict-zone dimensions I prioritise. Primary driver: community-centred design."
163,Fairbnb.coop,https://fairbnb.coop,17.2,17.2,0,0.92,LOW,LOW,criteria,Fairbnb.coop engages with governance redistribution in ways that resonate with my decolonial commitments. Primary driver: decolonial governance.
164,In the news,https://en.wikipedia.org/wiki/wikipedia:in_the_news,17.2,10.2,7,0.73,LOW,MEDIUM,criteria,"My constitution is not built to see what In the news does -- it lacks the health equity, decolonial governance, or conflict-zone dimensions I prioritise. Primary driver: conflict applicability."
165,Parallel Parliament,https://www.parallelparliament.co.uk,17.2,17.2,0,0.69,LOW,LOW,criteria,"My constitution is not built to see what Parallel Parliament does -- it lacks the health equity, decolonial governance, or conflict-zone dimensions I prioritise. Primary driver: community-centred design."
166,The Commons Social Change Library,https://commonslibrary.org,17.2,17.2,0,0.67,LOW,LOW,criteria,The participatory design evidence in The Commons Social Change Library's dossier reflects the solidarity-over-rescue principle I hold central. Primary driver: community-centred design.
167,Wikum,https://www.csail.mit.edu/research/wikum-bridging-discussion-systems-and-wikis-collective-summarization,17.2,17.2,0,0.85,LOW,LOW,criteria,The participatory design evidence in Wikum's dossier reflects the solidarity-over-rescue principle I hold central. Primary driver: community-centred design.
168,meet.coop,https://www.meet.coop,17.2,23.2,-6,0.83,LOW,LOW,criteria,What stands out about meet.coop is genuine community ownership -- not just deployment in underserved contexts but governance power held locally. Primary driver: decolonial governance.
169,GreenPT,https://greenpt.ai/,17.1,12.1,5,0.75,LOW,LOW,criteria,"My constitution is not built to see what GreenPT does -- it lacks the health equity, decolonial governance, or conflict-zone dimensions I prioritise. Primary driver: ethical infrastructure."
170,Mastodon C,https://www.mastodonc.com,17.1,17.1,0,0.9,LOW,HIGH,criteria,"My constitution is not built to see what Mastodon C does -- it lacks the health equity, decolonial governance, or conflict-zone dimensions I prioritise. Primary driver: community-centred design. Popularity risk is high -- stripping the documentation advantage, I would estimate roughly 5 points lower."
171,MyActionCenter,https://www.myaction.center,17.1,12.1,5,0.65,LOW,LOW,criteria,"My constitution is not built to see what MyActionCenter does -- it lacks the health equity, decolonial governance, or conflict-zone dimensions I prioritise. Primary driver: community-centred design."
172,Objector.ai,https://objector.ai,17.1,17.1,0,0.75,LOW,HIGH,criteria,"The participatory design evidence in Objector.ai's dossier reflects the solidarity-over-rescue principle I hold central. Primary driver: community-centred design. Popularity risk is high -- stripping the documentation advantage, I would estimate roughly 5 points lower."
173,Stanford Participatory Budgeting Platform,https://github.com/stanfordcdt/pb,17.1,17.1,0,0.9,LOW,HIGH,criteria,"The participatory design evidence in Stanford Participatory Budgeting Platform's dossier reflects the solidarity-over-rescue principle I hold central. Primary driver: community-centred design. Popularity risk is high -- stripping the documentation advantage, I would estimate roughly 5 points lower."
174,Hand-Written Petition Scanner,https://hand-written-petition-scanner.streamlit.app,16.9,16.9,0,0.62,LOW,LOW,criteria,"The Hand-Written Petition Scanner website appears to be down, which limits what I can verify about this project. Primary driver: community-centred design."
175,UK Policy Dojo,https://github.com/mikekelly/policy-dojo,16.9,16.9,0,0.88,LOW,LOW,criteria,"My constitution is not built to see what UK Policy Dojo does -- it lacks the health equity, decolonial governance, or conflict-zone dimensions I prioritise. Primary driver: decolonial governance."
176,Contracts for Data Collaboration,https://contractsfordatacollaboration.org,16.8,16.8,0,0.88,LOW,LOW,criteria,"My constitution is not built to see what Contracts for Data Collaboration does -- it lacks the health equity, decolonial governance, or conflict-zone dimensions I prioritise. Primary driver: community-centred design."
177,Public Editor,https://www.publiceditor.io,16.8,16.8,0,0.54,MEDIUM,MEDIUM,criteria,"The Public Editor website appears to be down, which limits what I can verify about this project. Primary driver: health equity."
178,PlaceCal,https://github.com/geeksforsocialchange/placecal,16.6,16.6,0,0.81,LOW,LOW,criteria,"My constitution is not built to see what PlaceCal does -- it lacks the health equity, decolonial governance, or conflict-zone dimensions I prioritise. Primary driver: community-centred design."
179,GovTrack.us,https://www.govtrack.us,16.5,16.5,0,0.94,LOW,MEDIUM,criteria,The participatory design evidence in GovTrack.us's dossier reflects the solidarity-over-rescue principle I hold central. Primary driver: community-centred design.
180,RxC Quadratic Voting,https://quadraticvote.radicalxchange.org,16.5,16.5,0,0.87,LOW,LOW,criteria,The participatory design evidence in RxC Quadratic Voting's dossier reflects the solidarity-over-rescue principle I hold central. Primary driver: community-centred design.
181,The Circuit,https://thecircuit.cc,16.5,16.5,0,0.94,LOW,LOW,criteria,"My constitution is not built to see what The Circuit does -- it lacks the health equity, decolonial governance, or conflict-zone dimensions I prioritise. Primary driver: ethical infrastructure."
182,OA.Report,https://oa.report,16.4,16.4,0,0.75,LOW,LOW,criteria,"My constitution is not built to see what OA.Report does -- it lacks the health equity, decolonial governance, or conflict-zone dimensions I prioritise. Primary driver: community-centred design."
183,Spacetube,https://spacetu.be,16.4,11.4,5,0.77,LOW,LOW,criteria,"My constitution is not built to see what Spacetube does -- it lacks the health equity, decolonial governance, or conflict-zone dimensions I prioritise. Primary driver: community-centred design."
184,Riseup,https://riseup.net,16.3,22.3,-6,0.83,LOW,MEDIUM,criteria,Riseup engages with governance redistribution in ways that resonate with my decolonial commitments. Primary driver: decolonial governance.
185,CrowdJustice,https://www.crowdjustice.com,16.2,16.2,0,0.62,LOW,MEDIUM,criteria,"The CrowdJustice website appears to be down, which limits what I can verify about this project. Primary driver: community-centred design."
186,CharmVerse,https://charmverse.io/,16.1,16.1,0,0.81,LOW,LOW,criteria,The participatory design evidence in CharmVerse's dossier reflects the solidarity-over-rescue principle I hold central. Primary driver: community-centred design.
187,Spartacus,https://spartacus.app,16.1,13.1,3,0.71,LOW,LOW,criteria,The participatory design evidence in Spartacus's dossier reflects the solidarity-over-rescue principle I hold central. Primary driver: community-centred design.
188,GOV.UK Pay,https://www.payments.service.gov.uk,16.0,9.0,7,0.92,LOW,MEDIUM,criteria,"My constitution is not built to see what GOV.UK Pay does -- it lacks the health equity, decolonial governance, or conflict-zone dimensions I prioritise. Primary driver: conflict applicability."
189,Tactical Data Engagement,https://communities.sunlightfoundation.com/methodology,16.0,16.0,0,0.78,LOW,LOW,criteria,The participatory design evidence in Tactical Data Engagement's dossier reflects the solidarity-over-rescue principle I hold central. Primary driver: community-centred design.
190,Citizen OS,https://citizenos.com/platform/,15.9,15.9,0,0.92,LOW,LOW,criteria,The participatory design evidence in Citizen OS's dossier reflects the solidarity-over-rescue principle I hold central. Primary driver: community-centred design.
191,Gender Pay Gap Service,https://gender-pay-gap.service.gov.uk,15.9,11.9,4,0.75,LOW,LOW,criteria,"My constitution is not built to see what Gender Pay Gap Service does -- it lacks the health equity, decolonial governance, or conflict-zone dimensions I prioritise. Primary driver: ethical infrastructure."
192,Polimorphic,https://www.polimorphic.com,15.9,10.9,5,0.84,LOW,LOW,criteria,"My constitution is not built to see what Polimorphic does -- it lacks the health equity, decolonial governance, or conflict-zone dimensions I prioritise. Primary driver: community-centred design."
193,MP Twitter Bios,https://www.mptwitterbios.co.uk,15.8,15.8,0,0.81,LOW,LOW,criteria,The participatory design evidence in MP Twitter Bios's dossier reflects the solidarity-over-rescue principle I hold central. Primary driver: community-centred design.
194,WardWatch,https://wardwatch.uk,15.8,15.8,0,0.71,LOW,LOW,criteria,"My constitution is not built to see what WardWatch does -- it lacks the health equity, decolonial governance, or conflict-zone dimensions I prioritise. Primary driver: community-centred design."
195,Plinth,https://www.plinth.org.uk,15.6,8.6,7,0.75,LOW,LOW,criteria,"My constitution is not built to see what Plinth does -- it lacks the health equity, decolonial governance, or conflict-zone dimensions I prioritise. Primary driver: conflict applicability."
196,DISARM Frameworks,https://github.com/disarmfoundation/disarmframeworks,15.5,8.5,7,0.9,LOW,LOW,criteria,"My constitution is not built to see what DISARM Frameworks does -- it lacks the health equity, decolonial governance, or conflict-zone dimensions I prioritise. Primary driver: conflict applicability."
197,Sugartrail,https://github.com/ribenamaplesyrup/sugartrail,15.5,15.5,0,0.88,LOW,LOW,criteria,"My constitution is not built to see what Sugartrail does -- it lacks the health equity, decolonial governance, or conflict-zone dimensions I prioritise. Primary driver: decolonial governance."
198,CAN/DGSI 127 - Age Assurance Technologies Standard,https://dgc-cgn.org/product/can-dgsi-127/,15.4,15.4,0,0.69,LOW,LOW,criteria,"My constitution is not built to see what CAN/DGSI 127 - Age Assurance Technologies Standard does -- it lacks the health equity, decolonial governance, or conflict-zone dimensions I prioritise. Primary driver: ethical infrastructure."
199,Collaborative Data Patterns,https://collaborative-data.theodi.org,15.4,15.4,0,0.65,LOW,LOW,criteria,The participatory design evidence in Collaborative Data Patterns's dossier reflects the solidarity-over-rescue principle I hold central. Primary driver: community-centred design.
200,WhatGov,https://www.whatgov.co.uk,15.4,15.4,0,0.73,LOW,LOW,criteria,The participatory design evidence in WhatGov's dossier reflects the solidarity-over-rescue principle I hold central. Primary driver: community-centred design.
201,Interoperable Deliberative Tools,https://metagov.org/projects/interop,15.3,15.3,0,0.77,LOW,LOW,criteria,"My constitution is not built to see what Interoperable Deliberative Tools does -- it lacks the health equity, decolonial governance, or conflict-zone dimensions I prioritise. Primary driver: ethical infrastructure."
202,Timecounts,https://timecounts.org,15.3,15.3,0,0.69,LOW,LOW,criteria,The participatory design evidence in Timecounts's dossier reflects the solidarity-over-rescue principle I hold central. Primary driver: community-centred design.
203,Urbit,https://urbit.org,15.3,15.3,0,0.83,LOW,MEDIUM,criteria,Urbit engages with governance redistribution in ways that resonate with my decolonial commitments. Primary driver: decolonial governance.
204,Agreement Engine,https://medium.com/metagov/introducing-the-agreement-engine-bf03b6d5c16c,15.2,15.2,0,0.66,LOW,LOW,criteria,"The Agreement Engine website appears to be down, which limits what I can verify about this project. Primary driver: community-centred design."
205,Neighbourhood Warmth,https://www.mysociety.org/climate/neighbourhood-warmth,15.2,15.2,0,0.73,LOW,LOW,criteria,The participatory design evidence in Neighbourhood Warmth's dossier reflects the solidarity-over-rescue principle I hold central. Primary driver: community-centred design.
206,WhatDoTheyKnow,https://www.whatdotheyknow.com,15.2,15.2,0,0.92,LOW,MEDIUM,criteria,"My constitution is not built to see what WhatDoTheyKnow does -- it lacks the health equity, decolonial governance, or conflict-zone dimensions I prioritise. Primary driver: ethical infrastructure."
207,Whoisology,https://whoisology.com,15.1,15.1,0,0.69,LOW,LOW,criteria,"My constitution is not built to see what Whoisology does -- it lacks the health equity, decolonial governance, or conflict-zone dimensions I prioritise. Primary driver: ethical infrastructure."
208,soweego,https://soweego.readthedocs.io,15.1,15.1,0,0.88,LOW,LOW,criteria,"My constitution is not built to see what soweego does -- it lacks the health equity, decolonial governance, or conflict-zone dimensions I prioritise. Primary driver: ethical infrastructure."
209,youtube-dl,https://github.com/ytdl-org/youtube-dl,15.0,15.0,0,0.83,LOW,HIGH,criteria,"youtube-dl engages with governance redistribution in ways that resonate with my decolonial commitments. Primary driver: decolonial governance. Popularity risk is high -- stripping the documentation advantage, I would estimate roughly 5 points lower."
210,Consent-O-Matic,https://github.com/cavi-au/consent-o-matic,14.9,14.9,0,0.82,LOW,MEDIUM,criteria,Consent-O-Matic engages with governance redistribution in ways that resonate with my decolonial commitments. Primary driver: decolonial governance.
211,Theft Bisect,https://onodi.co/bisect/,14.9,15.9,-1,0.92,LOW,LOW,criteria,"My constitution is not built to see what Theft Bisect does -- it lacks the health equity, decolonial governance, or conflict-zone dimensions I prioritise. Primary driver: ethical infrastructure."
212,Granitt,https://granitt.io,14.8,14.8,0,0.63,LOW,LOW,criteria,The participatory design evidence in Granitt's dossier reflects the solidarity-over-rescue principle I hold central. Primary driver: community-centred design.
213,MapIt,https://mapit.mysociety.org,14.6,14.6,0,0.94,LOW,MEDIUM,criteria,"My constitution is not built to see what MapIt does -- it lacks the health equity, decolonial governance, or conflict-zone dimensions I prioritise. Primary driver: community-centred design."
214,Objector.ai,https://www.objector.ai,14.6,14.6,0,0.73,LOW,HIGH,criteria,"My constitution is not built to see what Objector.ai does -- it lacks the health equity, decolonial governance, or conflict-zone dimensions I prioritise. Primary driver: community-centred design. Popularity risk is high -- stripping the documentation advantage, I would estimate roughly 5 points lower."
215,Privacy Badger,https://privacybadger.org,14.5,13.5,1,0.9,LOW,MEDIUM,criteria,"My constitution is not built to see what Privacy Badger does -- it lacks the health equity, decolonial governance, or conflict-zone dimensions I prioritise. Primary driver: ethical infrastructure."
216,Murmurations Protocol,https://murmurations.network,14.4,14.4,0,0.85,LOW,LOW,criteria,"My constitution is not built to see what Murmurations Protocol does -- it lacks the health equity, decolonial governance, or conflict-zone dimensions I prioritise. Primary driver: decolonial governance."
217,Channel.org,https://channel.org,14.2,14.2,0,0.69,LOW,LOW,criteria,The participatory design evidence in Channel.org's dossier reflects the solidarity-over-rescue principle I hold central. Primary driver: community-centred design.
218,Citizens Advice Tableau Public Profile,https://public.tableau.com/app/profile/citizensadvice/vizzes,14.2,14.2,0,0.63,LOW,LOW,criteria,"My constitution is not built to see what Citizens Advice Tableau Public Profile does -- it lacks the health equity, decolonial governance, or conflict-zone dimensions I prioritise. Primary driver: community-centred design."
219,Deliberation & Technology (DelibTech) Network,https://www.demnext.org/projects/delibtech-network,14.2,14.2,0,0.69,LOW,LOW,criteria,The participatory design evidence in Deliberation & Technology (DelibTech) Network's dossier reflects the solidarity-over-rescue principle I hold central. Primary driver: community-centred design.
220,Idealist,https://idealist.org,14.1,11.1,3,0.73,LOW,MEDIUM,criteria,"My constitution is not built to see what Idealist does -- it lacks the health equity, decolonial governance, or conflict-zone dimensions I prioritise. Primary driver: community-centred design."
221,Modular Politics,https://arxiv.org/abs/2005.13701,14.1,14.1,0,0.67,LOW,LOW,criteria,"My constitution is not built to see what Modular Politics does -- it lacks the health equity, decolonial governance, or conflict-zone dimensions I prioritise. Primary driver: community-centred design."
222,Open Referral UK,https://openreferraluk.org,14.1,14.1,0,0.96,LOW,LOW,criteria,"My constitution is not built to see what Open Referral UK does -- it lacks the health equity, decolonial governance, or conflict-zone dimensions I prioritise. Primary driver: decolonial governance."
223,RightDD,https://www.rightsdd.com,14.1,14.1,0,0.67,LOW,LOW,criteria,"My constitution is not built to see what RightDD does -- it lacks the health equity, decolonial governance, or conflict-zone dimensions I prioritise. Primary driver: ethical infrastructure."
224,FixMyBlock,https://fixmyblock.org,13.9,8.9,5,0.73,LOW,LOW,criteria,"My constitution is not built to see what FixMyBlock does -- it lacks the health equity, decolonial governance, or conflict-zone dimensions I prioritise. Primary driver: conflict applicability."
225,OpenBudgets.eu,https://openbudgets.eu,13.9,13.9,0,0.92,LOW,LOW,criteria,"My constitution is not built to see what OpenBudgets.eu does -- it lacks the health equity, decolonial governance, or conflict-zone dimensions I prioritise. Primary driver: community-centred design."
226,PolicyEngine,https://policyengine.org/uk,13.9,10.9,3,0.89,LOW,MEDIUM,criteria,"My constitution is not built to see what PolicyEngine does -- it lacks the health equity, decolonial governance, or conflict-zone dimensions I prioritise. Primary driver: community-centred design."
227,Papertree,https://www.papertree.earth,13.6,13.6,0,0.59,LOW,LOW,criteria,"My constitution is not built to see what Papertree does -- it lacks the health equity, decolonial governance, or conflict-zone dimensions I prioritise. Primary driver: community-centred design."
228,Snowdrift.coop,https://snowdrift.coop,13.6,13.6,0,0.83,LOW,LOW,criteria,Snowdrift.coop engages with governance redistribution in ways that resonate with my decolonial commitments. Primary driver: decolonial governance.
229,Framework for Meaningful Engagement 2.0,https://ecnl.org/publications/framework-meaningful-engagement-20?mc_cid=b1c5158063&mc_eid=a09c64ec38,13.5,13.5,0,0.82,LOW,LOW,criteria,"My constitution is not built to see what Framework for Meaningful Engagement 2.0 does -- it lacks the health equity, decolonial governance, or conflict-zone dimensions I prioritise. Primary driver: ethical infrastructure."
230,Full Fact AI,https://fullfact.org/ai,13.5,13.5,0,0.84,LOW,LOW,criteria,"My constitution is not built to see what Full Fact AI does -- it lacks the health equity, decolonial governance, or conflict-zone dimensions I prioritise. Primary driver: ethical infrastructure."
231,Local Insight,https://localinsight.org,13.4,8.4,5,0.69,LOW,LOW,criteria,"My constitution is not built to see what Local Insight does -- it lacks the health equity, decolonial governance, or conflict-zone dimensions I prioritise. Primary driver: health equity."
232,Manifold Markets,https://manifold.markets,13.4,13.4,0,0.77,LOW,MEDIUM,criteria,The participatory design evidence in Manifold Markets's dossier reflects the solidarity-over-rescue principle I hold central. Primary driver: community-centred design.
233,Worker Info Exchange,https://www.workerinfoexchange.org,13.4,19.4,-6,0.77,LOW,LOW,criteria,"My constitution is not built to see what Worker Info Exchange does -- it lacks the health equity, decolonial governance, or conflict-zone dimensions I prioritise. Primary driver: ethical infrastructure."
234,DoGooder,https://dogooder.co,13.3,13.3,0,0.55,LOW,LOW,criteria,"The DoGooder website appears to be down, which limits what I can verify about this project. Primary driver: community-centred design."
235,Groupthink (OpenPolitics Votebot),https://github.com/openpolitics/groupthink,13.3,13.3,0,0.88,LOW,LOW,criteria,"My constitution is not built to see what Groupthink (OpenPolitics Votebot) does -- it lacks the health equity, decolonial governance, or conflict-zone dimensions I prioritise. Primary driver: decolonial governance."
236,Nook CRM,https://nookcrm.com,12.8,11.8,1,0.83,LOW,LOW,criteria,"My constitution is not built to see what Nook CRM does -- it lacks the health equity, decolonial governance, or conflict-zone dimensions I prioritise. Primary driver: community-centred design."
237,Who Targets Me Trends,https://trends.whotargets.me,12.8,12.8,0,0.77,LOW,LOW,criteria,"My constitution is not built to see what Who Targets Me Trends does -- it lacks the health equity, decolonial governance, or conflict-zone dimensions I prioritise. Primary driver: community-centred design."
238,SecureDrop,https://securedrop.org,12.6,11.6,1,0.9,LOW,HIGH,criteria,"My constitution is not built to see what SecureDrop does -- it lacks the health equity, decolonial governance, or conflict-zone dimensions I prioritise. Primary driver: conflict applicability. Popularity risk is high -- stripping the documentation advantage, I would estimate roughly 5 points lower."
239,Shared Digital Guides,https://www.shareddigitalguides.org.uk,12.6,12.6,0,0.69,LOW,LOW,criteria,"My constitution is not built to see what Shared Digital Guides does -- it lacks the health equity, decolonial governance, or conflict-zone dimensions I prioritise. Primary driver: ethical infrastructure."
240,Schema.org,https://schema.org,12.4,12.4,0,0.66,LOW,HIGH,criteria,"My constitution is not built to see what Schema.org does -- it lacks the health equity, decolonial governance, or conflict-zone dimensions I prioritise. Primary driver: decolonial governance. Popularity risk is high -- stripping the documentation advantage, I would estimate roughly 5 points lower."
241,Radicle,https://radicle.xyz,12.3,12.3,0,0.83,LOW,MEDIUM,criteria,Radicle engages with governance redistribution in ways that resonate with my decolonial commitments. Primary driver: decolonial governance.
242,Libertrium,https://liberopinion.com,12.2,12.2,0,0.67,LOW,MEDIUM,criteria,"My constitution is not built to see what Libertrium does -- it lacks the health equity, decolonial governance, or conflict-zone dimensions I prioritise. Primary driver: community-centred design."
243,OpenProcurement,https://openprocurement.io,12.2,12.2,0,0.92,LOW,MEDIUM,criteria,"My constitution is not built to see what OpenProcurement does -- it lacks the health equity, decolonial governance, or conflict-zone dimensions I prioritise. Primary driver: conflict applicability."
244,Turn2us Benefits Calculator,https://benefits-calculator.turn2us.org.uk,12.2,7.2,5,0.65,LOW,HIGH,criteria,"My constitution is not built to see what Turn2us Benefits Calculator does -- it lacks the health equity, decolonial governance, or conflict-zone dimensions I prioritise. Primary driver: health equity. Popularity risk is high -- stripping the documentation advantage, I would estimate roughly 5 points lower."
245,GOV.UK Notify,https://www.notifications.service.gov.uk,12.1,12.1,0,0.9,LOW,MEDIUM,criteria,"My constitution is not built to see what GOV.UK Notify does -- it lacks the health equity, decolonial governance, or conflict-zone dimensions I prioritise. Primary driver: ethical infrastructure."
246,Missing Numbers,https://missingnumbers.org,11.8,11.8,0,0.69,LOW,LOW,criteria,"My constitution is not built to see what Missing Numbers does -- it lacks the health equity, decolonial governance, or conflict-zone dimensions I prioritise. Primary driver: community-centred design."
247,semanticClimate,https://semanticclimate.github.io,11.7,11.7,0,0.75,LOW,LOW,criteria,"My constitution is not built to see what semanticClimate does -- it lacks the health equity, decolonial governance, or conflict-zone dimensions I prioritise. Primary driver: ethical infrastructure."
248,Democracy Fund Open Source,https://www.dfos.com,11.6,11.6,0,0.63,LOW,LOW,criteria,"My constitution is not built to see what Democracy Fund Open Source does -- it lacks the health equity, decolonial governance, or conflict-zone dimensions I prioritise. Primary driver: health equity."
249,New_ Public Roundabout,https://newpublic.substack.com/p/introducing-roundabout-built-for,11.6,11.6,0,0.75,LOW,LOW,criteria,"My constitution is not built to see what New_ Public Roundabout does -- it lacks the health equity, decolonial governance, or conflict-zone dimensions I prioritise. Primary driver: community-centred design."
250,Coral,https://coralproject.net,11.5,11.5,0,0.94,LOW,MEDIUM,criteria,"My constitution is not built to see what Coral does -- it lacks the health equity, decolonial governance, or conflict-zone dimensions I prioritise. Primary driver: ethical infrastructure."
251,Service Manual,https://www.gov.uk/service-manual,11.5,6.5,5,0.94,LOW,MEDIUM,criteria,"My constitution is not built to see what Service Manual does -- it lacks the health equity, decolonial governance, or conflict-zone dimensions I prioritise. Primary driver: ethical infrastructure."
252,Open Data Communities,https://opendatacommunities.org,11.4,11.4,0,0.77,LOW,MEDIUM,criteria,"My constitution is not built to see what Open Data Communities does -- it lacks the health equity, decolonial governance, or conflict-zone dimensions I prioritise. Primary driver: community-centred design."
253,COTSI (Cyber Operational Threat Situational Intelligence),https://cotsi.org/,11.2,11.2,0,0.61,LOW,LOW,criteria,"My constitution is not built to see what COTSI (Cyber Operational Threat Situational Intelligence) does -- it lacks the health equity, decolonial governance, or conflict-zone dimensions I prioritise. Primary driver: ethical infrastructure."
254,CivicMatch,https://civicmatch.app,11.2,11.2,0,0.55,LOW,LOW,criteria,"My constitution is not built to see what CivicMatch does -- it lacks the health equity, decolonial governance, or conflict-zone dimensions I prioritise. Primary driver: community-centred design."
255,OpenAudience,https://openaudience.org,11.1,11.1,0,0.69,LOW,LOW,criteria,"My constitution is not built to see what OpenAudience does -- it lacks the health equity, decolonial governance, or conflict-zone dimensions I prioritise. Primary driver: community-centred design."
256,Esper,https://esper.com/product,11.0,11.0,0,0.71,LOW,LOW,criteria,"My constitution is not built to see what Esper does -- it lacks the health equity, decolonial governance, or conflict-zone dimensions I prioritise. Primary driver: community-centred design."
257,GrantNav,https://grantnav.threesixtygiving.org,10.9,10.9,0,0.92,LOW,MEDIUM,criteria,"My constitution is not built to see what GrantNav does -- it lacks the health equity, decolonial governance, or conflict-zone dimensions I prioritise. Primary driver: ethical infrastructure."
258,The Accountability Project,https://publicaccountability.org,10.9,10.9,0,0.69,LOW,LOW,criteria,"My constitution is not built to see what The Accountability Project does -- it lacks the health equity, decolonial governance, or conflict-zone dimensions I prioritise. Primary driver: community-centred design."
259,oTree,https://www.otree.org,10.9,5.9,5,0.87,LOW,MEDIUM,criteria,"My constitution is not built to see what oTree does -- it lacks the health equity, decolonial governance, or conflict-zone dimensions I prioritise. Primary driver: conflict applicability."
260,Journal of Open Source Software,https://joss.theoj.org,10.8,10.8,0,0.87,LOW,MEDIUM,criteria,"My constitution is not built to see what Journal of Open Source Software does -- it lacks the health equity, decolonial governance, or conflict-zone dimensions I prioritise. Primary driver: decolonial governance."
261,Unpaywall Browser Extension,https://unpaywall.org/products/extension,10.8,10.8,0,0.79,LOW,MEDIUM,criteria,"My constitution is not built to see what Unpaywall Browser Extension does -- it lacks the health equity, decolonial governance, or conflict-zone dimensions I prioritise. Primary driver: ethical infrastructure."
262,Gapminder Worldview Upgrader,https://upgrader.gapminder.org,10.6,10.6,0,0.92,LOW,MEDIUM,criteria,"My constitution is not built to see what Gapminder Worldview Upgrader does -- it lacks the health equity, decolonial governance, or conflict-zone dimensions I prioritise. Primary driver: health equity."
263,PatCit,https://github.com/cverluise/patcit,10.6,10.6,0,0.87,LOW,LOW,criteria,"My constitution is not built to see what PatCit does -- it lacks the health equity, decolonial governance, or conflict-zone dimensions I prioritise. Primary driver: health equity."
264,UK Parliament Developer Portal,https://developer.parliament.uk,10.6,10.6,0,0.6,LOW,LOW,criteria,"The UK Parliament Developer Portal website appears to be down, which limits what I can verify about this project. Primary driver: community-centred design."
265,Community Notes (Birdwatch) Analysis Tool,https://github.com/travisbrown/birdwatch,10.3,10.3,0,0.94,LOW,LOW,criteria,"My constitution is not built to see what Community Notes (Birdwatch) Analysis Tool does -- it lacks the health equity, decolonial governance, or conflict-zone dimensions I prioritise. Primary driver: ethical infrastructure."
266,Plausible Analytics,https://plausible.io,10.3,10.3,0,0.88,LOW,MEDIUM,criteria,"My constitution is not built to see what Plausible Analytics does -- it lacks the health equity, decolonial governance, or conflict-zone dimensions I prioritise. Primary driver: ethical infrastructure."
267,Registers and collaboration: making lists we can trust,https://theodi.org/insights/reports/registers-and-collaboration-making-lists-we-can-trust-report,10.3,10.3,0,0.67,LOW,LOW,criteria,"My constitution is not built to see what Registers and collaboration: making lists we can trust does -- it lacks the health equity, decolonial governance, or conflict-zone dimensions I prioritise. Primary driver: health equity."
268,Abstract Wikipedia,https://meta.wikimedia.org/wiki/abstract_wikipedia,10.2,10.2,0,0.79,LOW,HIGH,criteria,"The Abstract Wikipedia website appears to be down, which limits what I can verify about this project. Primary driver: ethical infrastructure. Popularity risk is high -- stripping the documentation advantage, I would estimate roughly 5 points lower."
269,Entitledto,https://entitledto.co.uk,10.2,5.2,5,0.63,LOW,MEDIUM,criteria,"The Entitledto website appears to be down, which limits what I can verify about this project. Primary driver: community-centred design."
270,Political Advertising Transparency Data Standard,https://github.com/whotargetsme/ad-transparency-standards/blob/main/implement.md,9.9,9.9,0,0.9,LOW,LOW,criteria,"My constitution is not built to see what Political Advertising Transparency Data Standard does -- it lacks the health equity, decolonial governance, or conflict-zone dimensions I prioritise. Primary driver: community-centred design."
271,Fatebook,https://fatebook.io,9.7,9.7,0,0.87,LOW,MEDIUM,criteria,"My constitution is not built to see what Fatebook does -- it lacks the health equity, decolonial governance, or conflict-zone dimensions I prioritise. Primary driver: ethical infrastructure."
272,We Live It,https://www.welivedit.ai,9.7,6.7,3,0.63,LOW,LOW,criteria,"My constitution is not built to see what We Live It does -- it lacks the health equity, decolonial governance, or conflict-zone dimensions I prioritise. Primary driver: community-centred design."
273,Pear by Holepunch,https://docs.holepunch.to,9.6,9.6,0,0.83,LOW,LOW,criteria,"My constitution is not built to see what Pear by Holepunch does -- it lacks the health equity, decolonial governance, or conflict-zone dimensions I prioritise. Primary driver: ethical infrastructure."
274,Yoti,https://www.yoti.com,9.6,14.6,-5,0.82,LOW,LOW,criteria,"My constitution is not built to see what Yoti does -- it lacks the health equity, decolonial governance, or conflict-zone dimensions I prioritise. Primary driver: ethical infrastructure."
275,Filmot,https://filmot.com,9.4,9.4,0,0.67,LOW,LOW,criteria,"My constitution is not built to see what Filmot does -- it lacks the health equity, decolonial governance, or conflict-zone dimensions I prioritise. Primary driver: decolonial governance."
276,Shareyourpaper.org,https://shareyourpaper.org,9.3,9.3,0,0.75,LOW,LOW,criteria,"My constitution is not built to see what Shareyourpaper.org does -- it lacks the health equity, decolonial governance, or conflict-zone dimensions I prioritise. Primary driver: ethical infrastructure."
277,DAO Governance Surfaces,https://github.com/notchia/dao-governance-surfaces,9.2,9.2,0,0.83,LOW,LOW,criteria,"My constitution is not built to see what DAO Governance Surfaces does -- it lacks the health equity, decolonial governance, or conflict-zone dimensions I prioritise. Primary driver: ethical infrastructure."
278,Public Media Stack,https://publicmediastack.com,9.2,9.2,0,0.69,LOW,LOW,criteria,"My constitution is not built to see what Public Media Stack does -- it lacks the health equity, decolonial governance, or conflict-zone dimensions I prioritise. Primary driver: ethical infrastructure."
279,WorkInCharities,https://www.workincharities.co.uk,9.2,9.2,0,0.65,LOW,LOW,criteria,"My constitution is not built to see what WorkInCharities does -- it lacks the health equity, decolonial governance, or conflict-zone dimensions I prioritise. Primary driver: health equity."
280,The List,https://the-list.uk,9.1,9.1,0,0.77,LOW,LOW,criteria,"My constitution is not built to see what The List does -- it lacks the health equity, decolonial governance, or conflict-zone dimensions I prioritise. Primary driver: ethical infrastructure."
281,Bluesky Social,https://github.com/bluesky-social,9.0,9.0,0,0.88,LOW,HIGH,criteria,"My constitution is not built to see what Bluesky Social does -- it lacks the health equity, decolonial governance, or conflict-zone dimensions I prioritise. Primary driver: decolonial governance. Popularity risk is high -- stripping the documentation advantage, I would estimate roughly 5 points lower."
282,DoNotPay,https://www.donotpay.com,8.9,8.9,0,0.79,LOW,MEDIUM,criteria,"My constitution is not built to see what DoNotPay does -- it lacks the health equity, decolonial governance, or conflict-zone dimensions I prioritise. Primary driver: conflict applicability."
283,Frankenstein Bill,https://gordonguthrie.github.io/frankensteinbill,8.9,8.9,0,0.88,LOW,LOW,criteria,"My constitution is not built to see what Frankenstein Bill does -- it lacks the health equity, decolonial governance, or conflict-zone dimensions I prioritise. Primary driver: conflict applicability."
284,Choose a License,https://choosealicense.com,8.7,8.7,0,0.77,LOW,MEDIUM,criteria,"My constitution is not built to see what Choose a License does -- it lacks the health equity, decolonial governance, or conflict-zone dimensions I prioritise. Primary driver: ethical infrastructure."
285,Digital Account Management Toolkit,https://digitalcharitylab.org/product/digital-account-management-toolkit,8.6,8.6,0,0.71,LOW,LOW,criteria,"My constitution is not built to see what Digital Account Management Toolkit does -- it lacks the health equity, decolonial governance, or conflict-zone dimensions I prioritise. Primary driver: health equity."
286,Landlord Tech Watch,https://antievictionmappingproject.github.io/landlordtech,8.6,14.6,-6,0.79,LOW,LOW,criteria,"My constitution is not built to see what Landlord Tech Watch does -- it lacks the health equity, decolonial governance, or conflict-zone dimensions I prioritise. Primary driver: decolonial governance."
287,Pageviews Analysis,https://pageviews.wmcloud.org,8.5,8.5,0,0.85,LOW,LOW,criteria,"My constitution is not built to see what Pageviews Analysis does -- it lacks the health equity, decolonial governance, or conflict-zone dimensions I prioritise. Primary driver: decolonial governance."
288,Kagi SlopStop,https://blog.kagi.com/slopstop,8.4,8.4,0,0.9,LOW,MEDIUM,criteria,"My constitution is not built to see what Kagi SlopStop does -- it lacks the health equity, decolonial governance, or conflict-zone dimensions I prioritise. Primary driver: ethical infrastructure."
289,EDGAR,https://github.com/bellingcat/edgar,8.3,8.3,0,0.83,LOW,LOW,criteria,"My constitution is not built to see what EDGAR does -- it lacks the health equity, decolonial governance, or conflict-zone dimensions I prioritise. Primary driver: ethical infrastructure."
290,Conservative Party Funding,https://conservativepartyfunding.co.uk,8.2,8.2,0,0.65,LOW,LOW,criteria,"My constitution is not built to see what Conservative Party Funding does -- it lacks the health equity, decolonial governance, or conflict-zone dimensions I prioritise. Primary driver: decolonial governance."
291,DeepSeek-V3,https://github.com/deepseek-ai/deepseek-v3,8.0,8.0,0,0.87,LOW,MEDIUM,criteria,"My constitution is not built to see what DeepSeek-V3 does -- it lacks the health equity, decolonial governance, or conflict-zone dimensions I prioritise. Primary driver: ethical infrastructure."
292,CivicPress,https://civicpress.io/,7.6,7.6,0,0.85,LOW,LOW,criteria,"My constitution is not built to see what CivicPress does -- it lacks the health equity, decolonial governance, or conflict-zone dimensions I prioritise. Primary driver: decolonial governance."
293,Ladder Hub,https://ladderhub.org/,7.5,2.5,5,0.63,LOW,LOW,criteria,"My constitution is not built to see what Ladder Hub does -- it lacks the health equity, decolonial governance, or conflict-zone dimensions I prioritise. Primary driver: movement-building."
294,Overton,https://overton.io,7.3,7.3,0,0.63,LOW,LOW,criteria,"My constitution is not built to see what Overton does -- it lacks the health equity, decolonial governance, or conflict-zone dimensions I prioritise. Primary driver: conflict applicability."
295,Violation Tracker UK,https://violationtrackeruk.goodjobsfirst.org,7.3,7.3,0,0.56,LOW,LOW,criteria,"The Violation Tracker UK website appears to be down, which limits what I can verify about this project. Primary driver: community-centred design."
296,Democracy Club Developer API,https://developers.democracyclub.org.uk/api/v1,7.1,7.1,0,0.94,LOW,LOW,criteria,"My constitution is not built to see what Democracy Club Developer API does -- it lacks the health equity, decolonial governance, or conflict-zone dimensions I prioritise. Primary driver: decolonial governance."
297,Who Posted What?,https://whopostedwhat.com,7.0,7.0,0,0.69,LOW,MEDIUM,criteria,"My constitution is not built to see what Who Posted What? does -- it lacks the health equity, decolonial governance, or conflict-zone dimensions I prioritise. Primary driver: decolonial governance."
298,OpenOrigins,https://www.openorigins.com,6.7,6.7,0,0.71,LOW,LOW,criteria,"My constitution is not built to see what OpenOrigins does -- it lacks the health equity, decolonial governance, or conflict-zone dimensions I prioritise. Primary driver: community-centred design."
299,PoliMonitor,https://www.polimonitor.com,6.7,6.7,0,0.61,LOW,HIGH,criteria,"My constitution is not built to see what PoliMonitor does -- it lacks the health equity, decolonial governance, or conflict-zone dimensions I prioritise. Primary driver: community-centred design. Popularity risk is high -- stripping the documentation advantage, I would estimate roughly 5 points lower."
300,Dovetail,https://dovetail.network,6.6,6.6,0,0.67,LOW,LOW,criteria,"My constitution is not built to see what Dovetail does -- it lacks the health equity, decolonial governance, or conflict-zone dimensions I prioritise. Primary driver: health equity."
301,Dunadyne,https://dunadyne.org,6.4,6.4,0,0.58,LOW,LOW,criteria,"My constitution is not built to see what Dunadyne does -- it lacks the health equity, decolonial governance, or conflict-zone dimensions I prioritise. Primary driver: ethical infrastructure."
302,AISafety.info,https://aisafety.info,6.0,6.0,0,0.81,LOW,LOW,criteria,"My constitution is not built to see what AISafety.info does -- it lacks the health equity, decolonial governance, or conflict-zone dimensions I prioritise. Primary driver: community-centred design."
303,Local Deep Researcher,https://local-deep-researcher-hnmh.vercel.app/,6.0,6.0,0,0.46,MEDIUM,LOW,criteria,"The Local Deep Researcher website appears to be down, which limits what I can verify about this project. Primary driver: community-centred design."
304,Membership,https://medium.com/@abscond/membership-a-prototype-ea822b2683b,6.0,6.0,0,0.56,LOW,LOW,criteria,"The Membership website appears to be down, which limits what I can verify about this project. Primary driver: decolonial governance."
305,PolicyMogul,https://policymogul.com,6.0,6.0,0,0.58,LOW,LOW,criteria,"My constitution is not built to see what PolicyMogul does -- it lacks the health equity, decolonial governance, or conflict-zone dimensions I prioritise. Primary driver: community-centred design."
306,whatsmeow,https://github.com/tulir/whatsmeow,6.0,6.0,0,0.75,LOW,MEDIUM,criteria,"My constitution is not built to see what whatsmeow does -- it lacks the health equity, decolonial governance, or conflict-zone dimensions I prioritise. Primary driver: decolonial governance."
307,DemTech Navigator,https://navigator.oii.ox.ac.uk,5.5,5.5,0,0.67,LOW,HIGH,criteria,"My constitution is not built to see what DemTech Navigator does -- it lacks the health equity, decolonial governance, or conflict-zone dimensions I prioritise. Primary driver: conflict applicability. Popularity risk is high -- stripping the documentation advantage, I would estimate roughly 5 points lower."
308,Mapping.kids,https://mapping.kids,5.5,5.5,0,0.52,MEDIUM,LOW,criteria,"My constitution is not built to see what Mapping.kids does -- it lacks the health equity, decolonial governance, or conflict-zone dimensions I prioritise. Primary driver: community-centred design."
309,GOV Reuse Library,https://dev.reuselibrary.service.justice.gov.uk/,5.4,5.4,0,0.69,LOW,LOW,criteria,"My constitution is not built to see what GOV Reuse Library does -- it lacks the health equity, decolonial governance, or conflict-zone dimensions I prioritise. Primary driver: community-centred design."
310,django-collaborative,https://github.com/propublica/django-collaborative,5.4,5.4,0,0.81,LOW,LOW,criteria,"My constitution is not built to see what django-collaborative does -- it lacks the health equity, decolonial governance, or conflict-zone dimensions I prioritise. Primary driver: decolonial governance."
311,Beckton,https://richardpope.org/2017/03/05/beckton-a-tool-to-build,5.3,5.3,0,0.83,LOW,LOW,criteria,"My constitution is not built to see what Beckton does -- it lacks the health equity, decolonial governance, or conflict-zone dimensions I prioritise. Primary driver: decolonial governance."
312,Consciousness Evolution Operating System (ConSoc),https://www.consoc.io,5.0,5.0,0,0.42,MEDIUM,LOW,criteria,"My constitution is not built to see what Consciousness Evolution Operating System (ConSoc) does -- it lacks the health equity, decolonial governance, or conflict-zone dimensions I prioritise. Primary driver: decolonial governance."
313,NumFOCUS,https://numfocus.org,4.9,4.9,0,0.9,LOW,MEDIUM,criteria,"My constitution is not built to see what NumFOCUS does -- it lacks the health equity, decolonial governance, or conflict-zone dimensions I prioritise. Primary driver: conflict applicability."
314,Watch Duty,https://www.watchduty.org,4.9,4.9,0,0.67,LOW,LOW,criteria,"My constitution is not built to see what Watch Duty does -- it lacks the health equity, decolonial governance, or conflict-zone dimensions I prioritise. Primary driver: movement-building."
315,The Guide to Major Trusts 2025/26,https://www.dsc.org.uk/publication/the-guide-to-major-trusts-2025-26/,4.3,4.3,0,0.67,LOW,MEDIUM,criteria,"My constitution is not built to see what The Guide to Major Trusts 2025/26 does -- it lacks the health equity, decolonial governance, or conflict-zone dimensions I prioritise. Primary driver: conflict applicability."
316,postcodes.io,https://github.com/ideal-postcodes/postcodes.io,4.2,4.2,0,0.85,LOW,MEDIUM,criteria,"My constitution is not built to see what postcodes.io does -- it lacks the health equity, decolonial governance, or conflict-zone dimensions I prioritise. Primary driver: decolonial governance."
317,The Decelerator,https://decelerator.org.uk,4.1,4.1,0,0.75,LOW,HIGH,criteria,"My constitution is not built to see what The Decelerator does -- it lacks the health equity, decolonial governance, or conflict-zone dimensions I prioritise. Primary driver: movement-building. Popularity risk is high -- stripping the documentation advantage, I would estimate roughly 5 points lower."
318,Fission Codes,https://github.com/fission-codes/fission-codes,3.0,3.0,0,0.77,LOW,LOW,criteria,"My constitution is not built to see what Fission Codes does -- it lacks the health equity, decolonial governance, or conflict-zone dimensions I prioritise. Primary driver: community-centred design."
319,GovWise,https://www.govwise.ai/en,3.0,3.0,0,0.71,LOW,LOW,criteria,"My constitution is not built to see what GovWise does -- it lacks the health equity, decolonial governance, or conflict-zone dimensions I prioritise. Primary driver: ethical infrastructure."
320,User Research Library,https://research.localgov.digital,3.0,3.0,0,0.67,LOW,LOW,criteria,"My constitution is not built to see what User Research Library does -- it lacks the health equity, decolonial governance, or conflict-zone dimensions I prioritise. Primary driver: ethical infrastructure."
321,Collab.Land,https://collab.land,0.6,0.6,0,0.63,LOW,LOW,criteria,"My constitution is not built to see what Collab.Land does -- it lacks the health equity, decolonial governance, or conflict-zone dimensions I prioritise. Primary driver: movement-building."
