rank,project_name,url,score,criteria_score,mod_adj,dossier_completeness,uncertainty,pop_risk,primary_driver,rationale
1,Ethelo,https://ethelo.com,68.9,54.9,14,1.0,LOW,LOW,modifier,"Governance legibility is strong — it makes decision-making processes inspectable, which is exactly what I mean by making power visible and accountable. Participation has some pathway to influence, though binding outcomes aren't fully documented. The programmable governance mechanism fires here — whether on-chain or through democratic software, what matters is that governance is enforceable and legible in practice, and this delivers that."
2,Cobudget,https://cobudget.com,64.9,54.9,10,1.0,LOW,HIGH,modifier,"The governance visibility dimension is meaningful here. What drives this high is that participation here leads to real outcomes — there's a documented pathway from collective input to binding or consequential decisions. This is what decision-making leverage means to me. The programmable governance mechanism fires here — whether on-chain or through democratic software, what matters is that governance is enforceable and legible in practice, and this delivers that."
3,Citizen OS,https://citizenos.com/platform/,63.9,53.9,10,1.0,LOW,LOW,modifier,"Governance legibility is strong — it makes decision-making processes inspectable, which is exactly what I mean by making power visible and accountable. Participation has some pathway to influence, though binding outcomes aren't fully documented. The programmable governance mechanism fires here — whether on-chain or through democratic software, what matters is that governance is enforceable and legible in practice, and this delivers that."
4,LiquidFeedback,https://liquidfeedback.com,63.9,53.9,10,1.0,LOW,LOW,modifier,"Governance legibility is strong — it makes decision-making processes inspectable, which is exactly what I mean by making power visible and accountable. Participation has some pathway to influence, though binding outcomes aren't fully documented. The programmable governance mechanism fires here — whether on-chain or through democratic software, what matters is that governance is enforceable and legible in practice, and this delivers that."
5,Parti,https://parti.xyz,63.7,63.7,0,1.0,LOW,LOW,criteria,"Budget and treasury transparency is the core of what I care about, and this project delivers it directly — making financial flows visible and actionable for accountability. Governance legibility is strong — it makes decision-making processes inspectable, which is exactly what I mean by making power visible and accountable. What drives this high is that participation here leads to real outcomes — there's a documented pathway from collective input to binding or consequential decisions. This is what decision-making leverage means to me."
6,Loomio,https://www.loomio.org,63.0,51.0,12,1.0,LOW,HIGH,modifier,"Governance legibility is strong — it makes decision-making processes inspectable, which is exactly what I mean by making power visible and accountable. Participation has some pathway to influence, though binding outcomes aren't fully documented. The programmable governance mechanism fires here — whether on-chain or through democratic software, what matters is that governance is enforceable and legible in practice, and this delivers that."
7,CONSUL Democracy,https://consulproject.org,62.0,52.0,10,1.0,LOW,HIGH,modifier,"The governance visibility dimension is meaningful here. What drives this high is that participation here leads to real outcomes — there's a documented pathway from collective input to binding or consequential decisions. This is what decision-making leverage means to me. The programmable governance mechanism fires here — whether on-chain or through democratic software, what matters is that governance is enforceable and legible in practice, and this delivers that."
8,Decidim,https://decidim.org,61.0,51.0,10,1.0,LOW,HIGH,modifier,"The governance visibility dimension is meaningful here. Participation has some pathway to influence, though binding outcomes aren't fully documented. The programmable governance mechanism fires here — whether on-chain or through democratic software, what matters is that governance is enforceable and legible in practice, and this delivers that."
9,Open Standards for Data Guidebook,https://standards.theodi.org,59.8,59.8,0,1.0,LOW,LOW,criteria,"Governance legibility is strong — it makes decision-making processes inspectable, which is exactly what I mean by making power visible and accountable. Participation has some pathway to influence, though binding outcomes aren't fully documented."
10,Polis,https://github.com/compdemocracy/polis,57.1,47.1,10,1.0,LOW,HIGH,modifier,"Governance legibility is strong — it makes decision-making processes inspectable, which is exactly what I mean by making power visible and accountable. Participation has some pathway to influence, though binding outcomes aren't fully documented. The programmable governance mechanism fires here — whether on-chain or through democratic software, what matters is that governance is enforceable and legible in practice, and this delivers that."
11,adhocracy+,https://adhocracy.plus,56.9,56.9,0,1.0,LOW,LOW,criteria,"Governance legibility is strong — it makes decision-making processes inspectable, which is exactly what I mean by making power visible and accountable. What drives this high is that participation here leads to real outcomes — there's a documented pathway from collective input to binding or consequential decisions. This is what decision-making leverage means to me."
12,Your Priorities,https://yrpri.org,56.9,56.9,0,1.0,LOW,LOW,criteria,"Governance legibility is strong — it makes decision-making processes inspectable, which is exactly what I mean by making power visible and accountable. What drives this high is that participation here leads to real outcomes — there's a documented pathway from collective input to binding or consequential decisions. This is what decision-making leverage means to me."
13,Logos,https://logos.co/,56.0,50.0,6,1.0,LOW,LOW,criteria,"Governance legibility is strong — it makes decision-making processes inspectable, which is exactly what I mean by making power visible and accountable."
14,Mastodon C,https://www.mastodonc.com,55.0,49.0,6,1.0,LOW,HIGH,criteria,"Governance legibility is strong — it makes decision-making processes inspectable, which is exactly what I mean by making power visible and accountable. Participation has some pathway to influence, though binding outcomes aren't fully documented. High popularity risk: Mastodon C is well-known and well-documented, which inflates my confidence. Stripping out the documentation advantage, I'd estimate this 8-12 points lower."
15,Bonfire,https://bonfirenetworks.org/,54.9,54.9,0,1.0,LOW,LOW,criteria,The governance visibility dimension is meaningful here.
16,Creative Commons,https://creativecommons.org,53.9,53.9,0,1.0,LOW,HIGH,criteria,"Governance legibility is strong — it makes decision-making processes inspectable, which is exactly what I mean by making power visible and accountable. Participation has some pathway to influence, though binding outcomes aren't fully documented. High popularity risk: Creative Commons is well-known and well-documented, which inflates my confidence. Stripping out the documentation advantage, I'd estimate this 8-12 points lower."
17,Stanford Participatory Budgeting Platform,https://github.com/stanfordcdt/pb,53.9,53.9,0,1.0,LOW,LOW,criteria,"Governance legibility is strong — it makes decision-making processes inspectable, which is exactly what I mean by making power visible and accountable. What drives this high is that participation here leads to real outcomes — there's a documented pathway from collective input to binding or consequential decisions. This is what decision-making leverage means to me."
18,Open Digital Planning,https://opendigitalplanning.org/,52.9,52.9,0,1.0,LOW,LOW,criteria,"Governance legibility is strong — it makes decision-making processes inspectable, which is exactly what I mean by making power visible and accountable. Participation has some pathway to influence, though binding outcomes aren't fully documented."
19,Talk to the City,https://talktothecity.org,52.9,52.9,0,1.0,LOW,LOW,criteria,"Governance legibility is strong — it makes decision-making processes inspectable, which is exactly what I mean by making power visible and accountable. What drives this high is that participation here leads to real outcomes — there's a documented pathway from collective input to binding or consequential decisions. This is what decision-making leverage means to me."
20,Participa (Podemos),https://github.com/podemos-info/participa,52.2,42.2,10,1.0,LOW,LOW,modifier,"Governance legibility is strong — it makes decision-making processes inspectable, which is exactly what I mean by making power visible and accountable. The programmable governance mechanism fires here — whether on-chain or through democratic software, what matters is that governance is enforceable and legible in practice, and this delivers that."
21,HURIDOCS,https://github.com/huridocs,52.0,52.0,0,1.0,LOW,LOW,criteria,The governance visibility dimension is meaningful here. The gap is that participation doesn't clearly translate to binding outcomes — governance is visible but leverage over decisions is uncertain.
22,vTaiwan,https://github.com/g0v/vue.vtaiwan.tw,51.2,41.2,10,1.0,LOW,LOW,modifier,"The governance visibility dimension is meaningful here. What drives this high is that participation here leads to real outcomes — there's a documented pathway from collective input to binding or consequential decisions. This is what decision-making leverage means to me. The programmable governance mechanism fires here — whether on-chain or through democratic software, what matters is that governance is enforceable and legible in practice, and this delivers that."
23,Open Heart Mind (OHM),https://openheartmind.org,51.0,51.0,0,1.0,LOW,LOW,criteria,"Governance legibility is strong — it makes decision-making processes inspectable, which is exactly what I mean by making power visible and accountable."
24,PolicyEngine,https://policyengine.org/uk,51.0,51.0,0,1.0,LOW,LOW,criteria,There's real financial transparency work here that aligns with my view that budget legibility is a democratic precondition. The governance visibility dimension is meaningful here. The gap is that participation doesn't clearly translate to binding outcomes — governance is visible but leverage over decisions is uncertain.
25,Populate Tools,https://github.com/populatetools,51.0,51.0,0,1.0,LOW,LOW,criteria,"Governance legibility is strong — it makes decision-making processes inspectable, which is exactly what I mean by making power visible and accountable. Participation has some pathway to influence, though binding outcomes aren't fully documented."
26,CommunityRule,https://communityrule.info,50.1,44.1,6,1.0,LOW,LOW,criteria,"Governance legibility is strong — it makes decision-making processes inspectable, which is exactly what I mean by making power visible and accountable. Participation has some pathway to influence, though binding outcomes aren't fully documented."
27,Mastodon,https://github.com/mastodon/mastodon,50.1,44.1,6,1.0,LOW,HIGH,criteria,"The governance visibility dimension is meaningful here. The gap is that participation doesn't clearly translate to binding outcomes — governance is visible but leverage over decisions is uncertain. High popularity risk: Mastodon is well-known and well-documented, which inflates my confidence. Stripping out the documentation advantage, I'd estimate this 8-12 points lower."
28,CiviCRM,https://civicrm.org,50.0,50.0,0,1.0,LOW,LOW,criteria,"Governance legibility is strong — it makes decision-making processes inspectable, which is exactly what I mean by making power visible and accountable. Participation has some pathway to influence, though binding outcomes aren't fully documented."
29,mySociety Datasets and APIs,https://data.mysociety.org,50.0,50.0,0,1.0,LOW,HIGH,criteria,"Governance legibility is strong — it makes decision-making processes inspectable, which is exactly what I mean by making power visible and accountable. Participation has some pathway to influence, though binding outcomes aren't fully documented. High popularity risk: mySociety Datasets and APIs is well-known and well-documented, which inflates my confidence. Stripping out the documentation advantage, I'd estimate this 8-12 points lower."
30,RxC Voice,https://github.com/radicalxchange/rxc-voice,49.2,41.2,8,0.9,LOW,LOW,modifier,"Governance legibility is strong — it makes decision-making processes inspectable, which is exactly what I mean by making power visible and accountable. The programmable governance mechanism fires here — whether on-chain or through democratic software, what matters is that governance is enforceable and legible in practice, and this delivers that."
31,Contracts for Data Collaboration,https://contractsfordatacollaboration.org,49.1,43.1,6,1.0,LOW,LOW,criteria,"Governance legibility is strong — it makes decision-making processes inspectable, which is exactly what I mean by making power visible and accountable. Participation has some pathway to influence, though binding outcomes aren't fully documented."
32,Aleph (OCCRP),https://aleph.occrp.org,49.0,49.0,0,1.0,LOW,LOW,criteria,"Governance legibility is strong — it makes decision-making processes inspectable, which is exactly what I mean by making power visible and accountable. The gap is that participation doesn't clearly translate to binding outcomes — governance is visible but leverage over decisions is uncertain."
33,All Our Ideas,https://all-our-ideas.citizens.is,49.0,49.0,0,1.0,LOW,LOW,criteria,"Governance legibility is strong — it makes decision-making processes inspectable, which is exactly what I mean by making power visible and accountable. Participation has some pathway to influence, though binding outcomes aren't fully documented."
34,Open Science Framework,https://osf.io,49.0,49.0,0,1.0,LOW,LOW,criteria,"Governance legibility is strong — it makes decision-making processes inspectable, which is exactly what I mean by making power visible and accountable. The gap is that participation doesn't clearly translate to binding outcomes — governance is visible but leverage over decisions is uncertain."
35,Snowdrift.coop,https://snowdrift.coop,49.0,49.0,0,1.0,LOW,LOW,criteria,"The governance visibility dimension is meaningful here. Participation has some pathway to influence, though binding outcomes aren't fully documented."
36,VFRAME,https://vframe.io,49.0,49.0,0,1.0,LOW,LOW,criteria,"Governance legibility is strong — it makes decision-making processes inspectable, which is exactly what I mean by making power visible and accountable. The gap is that participation doesn't clearly translate to binding outcomes — governance is visible but leverage over decisions is uncertain."
37,PolicyKit,https://policykit.org,48.0,48.0,0,1.0,LOW,LOW,criteria,"Governance legibility is strong — it makes decision-making processes inspectable, which is exactly what I mean by making power visible and accountable."
38,Constitute Project,https://constituteproject.org,47.1,47.1,0,1.0,LOW,LOW,criteria,"Governance legibility is strong — it makes decision-making processes inspectable, which is exactly what I mean by making power visible and accountable. Participation has some pathway to influence, though binding outcomes aren't fully documented."
39,RxC Quadratic Voting,https://quadraticvote.radicalxchange.org,47.1,47.1,0,1.0,LOW,HIGH,criteria,"The governance visibility dimension is meaningful here. Participation has some pathway to influence, though binding outcomes aren't fully documented. High popularity risk: RxC Quadratic Voting is well-known and well-documented, which inflates my confidence. Stripping out the documentation advantage, I'd estimate this 8-12 points lower."
40,DAO Governance Surfaces,https://github.com/notchia/dao-governance-surfaces,46.3,37.3,9,0.9,LOW,LOW,modifier,"Governance legibility is strong — it makes decision-making processes inspectable, which is exactly what I mean by making power visible and accountable. The gap is that participation doesn't clearly translate to binding outcomes — governance is visible but leverage over decisions is uncertain. The programmable governance mechanism fires here — whether on-chain or through democratic software, what matters is that governance is enforceable and legible in practice, and this delivers that."
41,Find local consultations,https://gov.uk/find-local-consultations,46.3,36.3,10,1.0,LOW,LOW,modifier,"The governance visibility dimension is meaningful here. The programmable governance mechanism fires here — whether on-chain or through democratic software, what matters is that governance is enforceable and legible in practice, and this delivers that."
42,The DAO (Standard DAO Framework),https://github.com/vbuterin/dao,46.3,37.3,9,0.9,LOW,LOW,modifier,"The governance visibility dimension is meaningful here. The programmable governance mechanism fires here — whether on-chain or through democratic software, what matters is that governance is enforceable and legible in practice, and this delivers that."
43,Cybersecurity for Democracy,https://cybersecurityfordemocracy.org,46.1,46.1,0,1.0,LOW,LOW,criteria,"Governance legibility is strong — it makes decision-making processes inspectable, which is exactly what I mean by making power visible and accountable. Participation has some pathway to influence, though binding outcomes aren't fully documented."
44,FixMyStreet,https://www.fixmystreet.com,46.1,46.1,0,1.0,LOW,HIGH,criteria,"Governance legibility is strong — it makes decision-making processes inspectable, which is exactly what I mean by making power visible and accountable. Participation has some pathway to influence, though binding outcomes aren't fully documented. High popularity risk: FixMyStreet is well-known and well-documented, which inflates my confidence. Stripping out the documentation advantage, I'd estimate this 8-12 points lower."
45,PlanIT,https://planit.org.uk,46.1,46.1,0,1.0,LOW,LOW,criteria,"Governance legibility is strong — it makes decision-making processes inspectable, which is exactly what I mean by making power visible and accountable. Participation has some pathway to influence, though binding outcomes aren't fully documented."
46,CKAN,https://ckan.org,46.0,52.0,-6,1.0,LOW,LOW,criteria,"Governance legibility is strong — it makes decision-making processes inspectable, which is exactly what I mean by making power visible and accountable. The gap is that participation doesn't clearly translate to binding outcomes — governance is visible but leverage over decisions is uncertain. The extractive or surveillance dimension pulls the score down significantly."
47,Aragon,https://aragon.org,45.1,45.1,0,1.0,LOW,HIGH,criteria,"Governance legibility is strong — it makes decision-making processes inspectable, which is exactly what I mean by making power visible and accountable. High popularity risk: Aragon is well-known and well-documented, which inflates my confidence. Stripping out the documentation advantage, I'd estimate this 8-12 points lower."
48,Fairbnb.coop,https://fairbnb.coop,45.1,45.1,0,1.0,LOW,LOW,criteria,"Governance legibility is strong — it makes decision-making processes inspectable, which is exactly what I mean by making power visible and accountable. The gap is that participation doesn't clearly translate to binding outcomes — governance is visible but leverage over decisions is uncertain."
49,Land Explorer,https://landexplorer.coop,45.1,45.1,0,1.0,LOW,LOW,criteria,"The governance visibility dimension is meaningful here. Participation has some pathway to influence, though binding outcomes aren't fully documented."
50,OpenProcurement,https://openprocurement.io,45.1,45.1,0,1.0,LOW,LOW,criteria,The governance visibility dimension is meaningful here. The gap is that participation doesn't clearly translate to binding outcomes — governance is visible but leverage over decisions is uncertain.
51,Campaign Tracker,https://www.campaigntracker.nl/en,45.0,51.0,-6,1.0,LOW,LOW,criteria,"Governance legibility is strong — it makes decision-making processes inspectable, which is exactly what I mean by making power visible and accountable. Participation has some pathway to influence, though binding outcomes aren't fully documented. The extractive or surveillance dimension pulls the score down significantly."
52,Members' Interests,https://membersinterests.org.uk,45.0,51.0,-6,1.0,LOW,LOW,criteria,"Governance legibility is strong — it makes decision-making processes inspectable, which is exactly what I mean by making power visible and accountable. Participation has some pathway to influence, though binding outcomes aren't fully documented. The extractive or surveillance dimension pulls the score down significantly."
53,arXiv,https://arxiv.org,44.1,44.1,0,1.0,LOW,LOW,criteria,"Partial fit — some alignment with my criteria but not hitting the core priorities around collective ownership, governance legibility, or decision-making leverage."
54,dDocs,https://ddocs.new/,44.1,44.1,0,1.0,LOW,LOW,criteria,"Governance legibility is strong — it makes decision-making processes inspectable, which is exactly what I mean by making power visible and accountable."
55,Interoperable Deliberative Tools,https://metagov.org/projects/interop,44.1,44.1,0,0.9,LOW,LOW,criteria,"Governance legibility is strong — it makes decision-making processes inspectable, which is exactly what I mean by making power visible and accountable."
56,ORCID,https://orcid.org,44.1,44.1,0,1.0,LOW,LOW,criteria,"The governance visibility dimension is meaningful here. Participation has some pathway to influence, though binding outcomes aren't fully documented."
57,oTree,https://www.otree.org,44.1,44.1,0,1.0,LOW,LOW,criteria,The governance visibility dimension is meaningful here.
58,Alaveteli,https://alaveteli.org,44.0,50.0,-6,1.0,LOW,HIGH,criteria,"Governance legibility is strong — it makes decision-making processes inspectable, which is exactly what I mean by making power visible and accountable. Participation has some pathway to influence, though binding outcomes aren't fully documented. The extractive or surveillance dimension pulls the score down significantly."
59,ODK (Open Data Kit),https://getodk.org,44.0,50.0,-6,1.0,LOW,LOW,criteria,"Governance legibility is strong — it makes decision-making processes inspectable, which is exactly what I mean by making power visible and accountable. Participation has some pathway to influence, though binding outcomes aren't fully documented. The extractive or surveillance dimension pulls the score down significantly."
60,Open Supply Hub,https://opensupplyhub.org,44.0,50.0,-6,1.0,LOW,LOW,criteria,"Governance legibility is strong — it makes decision-making processes inspectable, which is exactly what I mean by making power visible and accountable. Participation has some pathway to influence, though binding outcomes aren't fully documented. The extractive or surveillance dimension pulls the score down significantly."
61,Entitledto,https://entitledto.co.uk,43.3,36.3,7,1.0,LOW,LOW,criteria,The governance visibility dimension is meaningful here. The gap is that participation doesn't clearly translate to binding outcomes — governance is visible but leverage over decisions is uncertain. The explicit focus on communities excluded from traditional financial and governance systems earns a meaningful boost.
62,Modular Politics,https://arxiv.org/abs/2005.13701,43.3,37.3,6,0.9,LOW,LOW,criteria,"Governance legibility is strong — it makes decision-making processes inspectable, which is exactly what I mean by making power visible and accountable."
63,Turn2us Benefits Calculator,https://benefits-calculator.turn2us.org.uk,43.3,36.3,7,1.0,LOW,LOW,criteria,The governance visibility dimension is meaningful here. The gap is that participation doesn't clearly translate to binding outcomes — governance is visible but leverage over decisions is uncertain. The explicit focus on communities excluded from traditional financial and governance systems earns a meaningful boost.
64,Humanitarian OpenStreetMap Team (HOT),https://www.hotosm.org,43.2,41.2,2,1.0,LOW,HIGH,criteria,"The governance visibility dimension is meaningful here. Participation has some pathway to influence, though binding outcomes aren't fully documented. High popularity risk: Humanitarian OpenStreetMap Team (HOT) is well-known and well-documented, which inflates my confidence. Stripping out the documentation advantage, I'd estimate this 8-12 points lower."
65,Cortico,https://cortico.ai/platform,43.1,43.1,0,1.0,LOW,LOW,criteria,"Governance legibility is strong — it makes decision-making processes inspectable, which is exactly what I mean by making power visible and accountable. Participation has some pathway to influence, though binding outcomes aren't fully documented."
66,NumFOCUS,https://numfocus.org,43.1,43.1,0,1.0,LOW,LOW,criteria,The governance visibility dimension is meaningful here. The gap is that participation doesn't clearly translate to binding outcomes — governance is visible but leverage over decisions is uncertain.
67,Open Collective,https://opencollective.com,43.1,43.1,0,1.0,LOW,LOW,criteria,The governance visibility dimension is meaningful here. The gap is that participation doesn't clearly translate to binding outcomes — governance is visible but leverage over decisions is uncertain.
68,Sugartrail,https://github.com/ribenamaplesyrup/sugartrail,43.1,43.1,0,1.0,LOW,LOW,criteria,"Governance legibility is strong — it makes decision-making processes inspectable, which is exactly what I mean by making power visible and accountable. Participation has some pathway to influence, though binding outcomes aren't fully documented."
69,Wikidata,https://www.wikidata.org,43.1,43.1,0,1.0,LOW,LOW,criteria,The governance visibility dimension is meaningful here. The gap is that participation doesn't clearly translate to binding outcomes — governance is visible but leverage over decisions is uncertain.
70,Awesome UK Government Datasets,https://github.com/i-dot-ai/awesome-gov-datasets,42.2,42.2,0,1.0,LOW,LOW,criteria,"Governance legibility is strong — it makes decision-making processes inspectable, which is exactly what I mean by making power visible and accountable. The gap is that participation doesn't clearly translate to binding outcomes — governance is visible but leverage over decisions is uncertain."
71,Libertrium,https://liberopinion.com,42.2,42.2,0,1.0,LOW,LOW,criteria,"Governance legibility is strong — it makes decision-making processes inspectable, which is exactly what I mean by making power visible and accountable."
72,LittleSis,https://littlesis.org,42.2,42.2,0,1.0,LOW,LOW,criteria,"Governance legibility is strong — it makes decision-making processes inspectable, which is exactly what I mean by making power visible and accountable."
73,Local Intelligence Hub,https://www.localintelligencehub.com,42.2,42.2,0,1.0,LOW,LOW,criteria,"Governance legibility is strong — it makes decision-making processes inspectable, which is exactly what I mean by making power visible and accountable."
74,Matrix,https://matrix.org,42.2,42.2,0,1.0,LOW,LOW,criteria,The governance visibility dimension is meaningful here. The gap is that participation doesn't clearly translate to binding outcomes — governance is visible but leverage over decisions is uncertain.
75,Participedia,https://participedia.net,42.2,42.2,0,1.0,LOW,LOW,criteria,"Governance legibility is strong — it makes decision-making processes inspectable, which is exactly what I mean by making power visible and accountable."
76,Plinth,https://www.plinth.org.uk,42.2,42.2,0,1.0,LOW,LOW,criteria,"Governance legibility is strong — it makes decision-making processes inspectable, which is exactly what I mean by making power visible and accountable. The gap is that participation doesn't clearly translate to binding outcomes — governance is visible but leverage over decisions is uncertain."
77,The Data Trusts Initiative,https://datatrusts.uk,42.2,40.2,2,1.0,LOW,LOW,criteria,"Governance legibility is strong — it makes decision-making processes inspectable, which is exactly what I mean by making power visible and accountable. Participation has some pathway to influence, though binding outcomes aren't fully documented."
78,CrowdJustice,https://www.crowdjustice.com,41.3,37.3,4,1.0,LOW,LOW,criteria,"Governance legibility is strong — it makes decision-making processes inspectable, which is exactly what I mean by making power visible and accountable. Participation has some pathway to influence, though binding outcomes aren't fully documented."
79,Agencies for Good,https://www.agenciesforgood.org,41.2,41.2,0,1.0,LOW,LOW,criteria,"Governance legibility is strong — it makes decision-making processes inspectable, which is exactly what I mean by making power visible and accountable."
80,Democracy Fund Open Source,https://www.dfos.com,41.2,41.2,0,1.0,LOW,LOW,criteria,"Governance legibility is strong — it makes decision-making processes inspectable, which is exactly what I mean by making power visible and accountable."
81,EDGAR,https://github.com/bellingcat/edgar,41.2,41.2,0,0.9,LOW,LOW,criteria,"Governance legibility is strong — it makes decision-making processes inspectable, which is exactly what I mean by making power visible and accountable. The gap is that participation doesn't clearly translate to binding outcomes — governance is visible but leverage over decisions is uncertain."
82,Groupthink (OpenPolitics Votebot),https://github.com/openpolitics/groupthink,41.2,41.2,0,1.0,LOW,LOW,criteria,"Governance legibility is strong — it makes decision-making processes inspectable, which is exactly what I mean by making power visible and accountable."
83,Harmonica,https://harmonica.chat/,41.2,41.2,0,1.0,LOW,LOW,criteria,"Governance legibility is strong — it makes decision-making processes inspectable, which is exactly what I mean by making power visible and accountable."
84,Internet Archive Wayback Machine,https://web.archive.org,41.2,41.2,0,1.0,LOW,LOW,criteria,The governance visibility dimension is meaningful here. The gap is that participation doesn't clearly translate to binding outcomes — governance is visible but leverage over decisions is uncertain.
85,Marks Out Of Tenancy,https://www.marksoutoftenancy.com,41.2,41.2,0,1.0,LOW,LOW,criteria,"Governance legibility is strong — it makes decision-making processes inspectable, which is exactly what I mean by making power visible and accountable."
86,Moral Machine,https://moralmachine.net,41.2,41.2,0,1.0,LOW,LOW,criteria,"Governance legibility is strong — it makes decision-making processes inspectable, which is exactly what I mean by making power visible and accountable."
87,OpenBudgets.eu,https://openbudgets.eu,41.2,41.2,0,1.0,LOW,LOW,criteria,There's real financial transparency work here that aligns with my view that budget legibility is a democratic precondition. The governance visibility dimension is meaningful here. The gap is that participation doesn't clearly translate to binding outcomes — governance is visible but leverage over decisions is uncertain.
88,PlaceCal,https://github.com/geeksforsocialchange/placecal,41.2,41.2,0,0.9,LOW,LOW,criteria,"Governance legibility is strong — it makes decision-making processes inspectable, which is exactly what I mean by making power visible and accountable."
89,Shareyourpaper.org,https://shareyourpaper.org,41.2,41.2,0,1.0,LOW,LOW,criteria,The governance visibility dimension is meaningful here. The gap is that participation doesn't clearly translate to binding outcomes — governance is visible but leverage over decisions is uncertain.
90,Diia,https://expo.diia.gov.ua,41.1,47.1,-6,1.0,LOW,LOW,criteria,The governance visibility dimension is meaningful here. The gap is that participation doesn't clearly translate to binding outcomes — governance is visible but leverage over decisions is uncertain. The extractive or surveillance dimension pulls the score down significantly.
91,Open Council Network,https://opencouncil.network,41.1,47.1,-6,1.0,LOW,LOW,criteria,"Governance legibility is strong — it makes decision-making processes inspectable, which is exactly what I mean by making power visible and accountable. Participation has some pathway to influence, though binding outcomes aren't fully documented. The extractive or surveillance dimension pulls the score down significantly."
92,TheyWorkForYou,https://www.theyworkforyou.com,41.1,47.1,-6,1.0,LOW,LOW,criteria,"Governance legibility is strong — it makes decision-making processes inspectable, which is exactly what I mean by making power visible and accountable. Participation has some pathway to influence, though binding outcomes aren't fully documented. The extractive or surveillance dimension pulls the score down significantly."
93,Ushahidi,https://www.ushahidi.com,41.1,47.1,-6,1.0,LOW,LOW,criteria,"Governance legibility is strong — it makes decision-making processes inspectable, which is exactly what I mean by making power visible and accountable. Participation has some pathway to influence, though binding outcomes aren't fully documented. The extractive or surveillance dimension pulls the score down significantly."
94,Murmurations Protocol,https://murmurations.network,40.2,40.2,0,1.0,LOW,LOW,criteria,The governance visibility dimension is meaningful here.
95,Neighbourhood Warmth,https://www.mysociety.org/climate/neighbourhood-warmth,40.2,40.2,0,1.0,LOW,HIGH,criteria,"The governance visibility dimension is meaningful here. High popularity risk: Neighbourhood Warmth is well-known and well-documented, which inflates my confidence. Stripping out the documentation advantage, I'd estimate this 8-12 points lower."
96,New_ Public Roundabout,https://newpublic.substack.com/p/introducing-roundabout-built-for,40.2,38.2,2,1.0,LOW,LOW,criteria,"Governance legibility is strong — it makes decision-making processes inspectable, which is exactly what I mean by making power visible and accountable."
97,Papertree,https://www.papertree.earth,40.2,40.2,0,0.7,LOW,LOW,criteria,"Governance legibility is strong — it makes decision-making processes inspectable, which is exactly what I mean by making power visible and accountable."
98,Tactical Data Engagement,https://communities.sunlightfoundation.com/methodology,40.2,42.2,-2,1.0,LOW,LOW,criteria,"Governance legibility is strong — it makes decision-making processes inspectable, which is exactly what I mean by making power visible and accountable. Participation has some pathway to influence, though binding outcomes aren't fully documented. The extractive or surveillance dimension pulls the score down significantly."
99,Unpaywall Browser Extension,https://unpaywall.org/products/extension,40.2,40.2,0,0.9,LOW,LOW,criteria,The governance visibility dimension is meaningful here. The gap is that participation doesn't clearly translate to binding outcomes — governance is visible but leverage over decisions is uncertain.
100,WhatDoTheyKnow,https://www.whatdotheyknow.com,40.2,40.2,0,1.0,LOW,LOW,criteria,The governance visibility dimension is meaningful here. The gap is that participation doesn't clearly translate to binding outcomes — governance is visible but leverage over decisions is uncertain.
101,ClimateAction.Tech,https://climateaction.tech,39.3,35.3,4,1.0,LOW,LOW,criteria,The governance visibility dimension is meaningful here. The gap is that participation doesn't clearly translate to binding outcomes — governance is visible but leverage over decisions is uncertain.
102,Bellingcat Online Investigation Toolkit,https://bellingcat.gitbook.io/toolkit,39.2,39.2,0,1.0,LOW,LOW,criteria,"Limited constitutional fit — doesn't strongly address budget transparency, governance legibility, collective ownership, or decision-making leverage."
103,Civic Tech Field Guide,https://civictech.guide,39.2,39.2,0,1.0,LOW,LOW,criteria,"Governance legibility is strong — it makes decision-making processes inspectable, which is exactly what I mean by making power visible and accountable. Participation has some pathway to influence, though binding outcomes aren't fully documented."
104,Granitt,https://granitt.io,39.2,39.2,0,1.0,LOW,LOW,criteria,"The governance visibility dimension is meaningful here. Participation has some pathway to influence, though binding outcomes aren't fully documented."
105,Humanitarian Data Exchange,https://data.humdata.org,39.2,39.2,0,1.0,LOW,LOW,criteria,The governance visibility dimension is meaningful here. The gap is that participation doesn't clearly translate to binding outcomes — governance is visible but leverage over decisions is uncertain.
106,Open Data Communities,https://opendatacommunities.org,39.2,39.2,0,1.0,LOW,LOW,criteria,The governance visibility dimension is meaningful here. The gap is that participation doesn't clearly translate to binding outcomes — governance is visible but leverage over decisions is uncertain.
107,Overton,https://overton.io,39.2,39.2,0,1.0,LOW,LOW,criteria,"Governance legibility is strong — it makes decision-making processes inspectable, which is exactly what I mean by making power visible and accountable."
108,Security First / Umbrella,https://secfirst.org,39.2,39.2,0,1.0,LOW,LOW,criteria,"Limited constitutional fit — doesn't strongly address budget transparency, governance legibility, collective ownership, or decision-making leverage."
109,sourceAFRICA,https://sourceafrica.net,39.2,39.2,0,1.0,LOW,LOW,criteria,"Governance legibility is strong — it makes decision-making processes inspectable, which is exactly what I mean by making power visible and accountable. The gap is that participation doesn't clearly translate to binding outcomes — governance is visible but leverage over decisions is uncertain."
110,River Sentiment Dashboard,https://riversentiment.app,38.3,36.3,2,1.0,LOW,LOW,criteria,The governance visibility dimension is meaningful here. The gap is that participation doesn't clearly translate to binding outcomes — governance is visible but leverage over decisions is uncertain.
111,rsky,https://github.com/blacksky-algorithms/rsky,38.3,34.3,4,1.0,LOW,LOW,criteria,The governance visibility dimension is meaningful here. The gap is that participation doesn't clearly translate to binding outcomes — governance is visible but leverage over decisions is uncertain.
112,Agreement Engine,https://medium.com/metagov/introducing-the-agreement-engine-bf03b6d5c16c,38.2,38.2,0,0.9,LOW,LOW,criteria,"Governance legibility is strong — it makes decision-making processes inspectable, which is exactly what I mean by making power visible and accountable."
113,Discourse,https://www.discourse.org,38.2,38.2,0,1.0,LOW,LOW,criteria,"Governance legibility is strong — it makes decision-making processes inspectable, which is exactly what I mean by making power visible and accountable."
114,Framework for Meaningful Engagement 2.0,https://ecnl.org/publications/framework-meaningful-engagement-20?mc_cid=b1c5158063&mc_eid=a09c64ec38,38.2,38.2,0,1.0,LOW,LOW,criteria,"The governance visibility dimension is meaningful here. Participation has some pathway to influence, though binding outcomes aren't fully documented. The extractive or surveillance dimension pulls the score down significantly."
115,GovWise,https://www.govwise.ai/en,38.2,38.2,0,1.0,LOW,LOW,criteria,"Governance legibility is strong — it makes decision-making processes inspectable, which is exactly what I mean by making power visible and accountable. The gap is that participation doesn't clearly translate to binding outcomes — governance is visible but leverage over decisions is uncertain."
116,GrantNav,https://grantnav.threesixtygiving.org,38.2,38.2,0,1.0,LOW,LOW,criteria,"Governance legibility is strong — it makes decision-making processes inspectable, which is exactly what I mean by making power visible and accountable. The gap is that participation doesn't clearly translate to binding outcomes — governance is visible but leverage over decisions is uncertain."
117,Open Access – Transparency International UK,https://openaccess.transparency.org.uk,38.2,38.2,0,1.0,LOW,LOW,criteria,"Governance legibility is strong — it makes decision-making processes inspectable, which is exactly what I mean by making power visible and accountable. The gap is that participation doesn't clearly translate to binding outcomes — governance is visible but leverage over decisions is uncertain."
118,Polimorphic,https://www.polimorphic.com,38.2,38.2,0,1.0,LOW,LOW,criteria,"Governance legibility is strong — it makes decision-making processes inspectable, which is exactly what I mean by making power visible and accountable. The gap is that participation doesn't clearly translate to binding outcomes — governance is visible but leverage over decisions is uncertain."
119,The Accountability Project,https://publicaccountability.org,38.2,38.2,0,0.9,LOW,LOW,criteria,"Governance legibility is strong — it makes decision-making processes inspectable, which is exactly what I mean by making power visible and accountable. The gap is that participation doesn't clearly translate to binding outcomes — governance is visible but leverage over decisions is uncertain."
120,The Circuit,https://thecircuit.cc,38.2,38.2,0,1.0,LOW,LOW,criteria,"Governance legibility is strong — it makes decision-making processes inspectable, which is exactly what I mean by making power visible and accountable. The gap is that participation doesn't clearly translate to binding outcomes — governance is visible but leverage over decisions is uncertain."
121,UrbanistAI,https://site.urbanistai.com,38.2,38.2,0,1.0,LOW,LOW,criteria,"The governance visibility dimension is meaningful here. Participation has some pathway to influence, though binding outcomes aren't fully documented."
122,GovTrack.us,https://www.govtrack.us,38.1,44.1,-6,1.0,LOW,LOW,criteria,"Governance legibility is strong — it makes decision-making processes inspectable, which is exactly what I mean by making power visible and accountable. Participation has some pathway to influence, though binding outcomes aren't fully documented. The extractive or surveillance dimension pulls the score down significantly."
123,Open Contracting Partnership,https://www.open-contracting.org,38.1,44.1,-6,1.0,LOW,LOW,criteria,"Governance legibility is strong — it makes decision-making processes inspectable, which is exactly what I mean by making power visible and accountable. Participation has some pathway to influence, though binding outcomes aren't fully documented. The extractive or surveillance dimension pulls the score down significantly."
124,Fission Codes,https://github.com/fission-codes/fission-codes,37.4,28.4,9,0.8,LOW,LOW,modifier,"The governance visibility dimension is meaningful here. The gap is that participation doesn't clearly translate to binding outcomes — governance is visible but leverage over decisions is uncertain. The programmable governance mechanism fires here — whether on-chain or through democratic software, what matters is that governance is enforceable and legible in practice, and this delivers that."
125,Democracy Club Developer API,https://developers.democracyclub.org.uk/api/v1,37.3,37.3,0,1.0,LOW,LOW,criteria,"Participation has some pathway to influence, though binding outcomes aren't fully documented."
126,django-collaborative,https://github.com/propublica/django-collaborative,37.3,37.3,0,0.9,LOW,LOW,criteria,The governance visibility dimension is meaningful here. The gap is that participation doesn't clearly translate to binding outcomes — governance is visible but leverage over decisions is uncertain.
127,Martus,https://www.martus.org,37.3,37.3,0,0.9,LOW,LOW,criteria,The governance visibility dimension is meaningful here. The gap is that participation doesn't clearly translate to binding outcomes — governance is visible but leverage over decisions is uncertain.
128,Metaculus,https://metaculus.com,37.3,37.3,0,1.0,LOW,LOW,criteria,The governance visibility dimension is meaningful here. The gap is that participation doesn't clearly translate to binding outcomes — governance is visible but leverage over decisions is uncertain.
129,Nook CRM,https://nookcrm.com,37.3,37.3,0,0.9,LOW,LOW,criteria,"Governance legibility is strong — it makes decision-making processes inspectable, which is exactly what I mean by making power visible and accountable."
130,Open Data Editor (ODE),https://okfn.org/en/projects/open-data-editor/,37.3,37.3,0,1.0,LOW,HIGH,criteria,"The governance visibility dimension is meaningful here. The gap is that participation doesn't clearly translate to binding outcomes — governance is visible but leverage over decisions is uncertain. High popularity risk: Open Data Editor (ODE) is well-known and well-documented, which inflates my confidence. Stripping out the documentation advantage, I'd estimate this 8-12 points lower."
131,Open Referral UK,https://openreferraluk.org,37.3,37.3,0,1.0,LOW,LOW,criteria,"Participation has some pathway to influence, though binding outcomes aren't fully documented."
132,Public AI Inference Utility,https://publicai.co/,37.3,37.3,0,1.0,LOW,LOW,criteria,The governance visibility dimension is meaningful here. The gap is that participation doesn't clearly translate to binding outcomes — governance is visible but leverage over decisions is uncertain.
133,Turkopticon,https://turkopticon.ucsd.edu,37.3,37.3,0,1.0,LOW,LOW,criteria,"Limited constitutional fit — doesn't strongly address budget transparency, governance legibility, collective ownership, or decision-making leverage."
134,WhatGov,https://www.whatgov.co.uk,37.3,37.3,0,1.0,LOW,LOW,criteria,The governance visibility dimension is meaningful here.
135,Monitor Mamdani,https://monitormamdani.com/,37.1,43.1,-6,1.0,LOW,HIGH,criteria,"Governance legibility is strong — it makes decision-making processes inspectable, which is exactly what I mean by making power visible and accountable. Participation has some pathway to influence, though binding outcomes aren't fully documented. The extractive or surveillance dimension pulls the score down significantly."
136,OpenSanctions,https://www.opensanctions.org,37.1,43.1,-6,1.0,LOW,LOW,criteria,"Governance legibility is strong — it makes decision-making processes inspectable, which is exactly what I mean by making power visible and accountable. The gap is that participation doesn't clearly translate to binding outcomes — governance is visible but leverage over decisions is uncertain. The extractive or surveillance dimension pulls the score down significantly."
137,Humble Data Workshop,https://humbledata.org,36.4,32.4,4,1.0,LOW,LOW,criteria,The governance visibility dimension is meaningful here. The gap is that participation doesn't clearly translate to binding outcomes — governance is visible but leverage over decisions is uncertain.
138,docs.plus,https://docs.plus,36.3,36.3,0,1.0,LOW,LOW,criteria,The governance visibility dimension is meaningful here.
139,Idealist,https://idealist.org,36.3,36.3,0,0.9,LOW,LOW,criteria,The governance visibility dimension is meaningful here.
140,Local Insight,https://localinsight.org,36.3,36.3,0,1.0,LOW,LOW,criteria,The governance visibility dimension is meaningful here. The gap is that participation doesn't clearly translate to binding outcomes — governance is visible but leverage over decisions is uncertain.
141,One Project,https://oneproject.org/,36.3,36.3,0,1.0,LOW,LOW,criteria,The governance visibility dimension is meaningful here.
142,openparliament.ca,https://openparliament.ca/,36.3,36.3,0,0.9,LOW,LOW,criteria,The governance visibility dimension is meaningful here.
143,ОПОРА (Opora),https://www.oporaua.org,36.3,36.3,0,1.0,LOW,LOW,criteria,"Governance legibility is strong — it makes decision-making processes inspectable, which is exactly what I mean by making power visible and accountable. Participation has some pathway to influence, though binding outcomes aren't fully documented."
144,Prolific,https://www.prolific.com,36.3,36.3,0,1.0,LOW,LOW,criteria,"Governance legibility is strong — it makes decision-making processes inspectable, which is exactly what I mean by making power visible and accountable. The gap is that participation doesn't clearly translate to binding outcomes — governance is visible but leverage over decisions is uncertain."
145,Pursuance Project,https://pursuanceproject.org,36.3,36.3,0,1.0,LOW,LOW,criteria,The governance visibility dimension is meaningful here.
146,UK Parliament Developer Portal,https://developer.parliament.uk,36.3,36.3,0,1.0,LOW,LOW,criteria,"The governance visibility dimension is meaningful here. Participation has some pathway to influence, though binding outcomes aren't fully documented."
147,User Research Library,https://research.localgov.digital,36.3,36.3,0,1.0,LOW,LOW,criteria,The governance visibility dimension is meaningful here.
148,deliberAIde,https://www.deliberaide.com,36.2,42.2,-6,1.0,LOW,LOW,criteria,"The governance visibility dimension is meaningful here. Participation has some pathway to influence, though binding outcomes aren't fully documented. The extractive or surveillance dimension pulls the score down significantly."
149,WriteToThem,https://www.writetothem.com,36.2,42.2,-6,1.0,LOW,HIGH,criteria,"The governance visibility dimension is meaningful here. Participation has some pathway to influence, though binding outcomes aren't fully documented. The extractive or surveillance dimension pulls the score down significantly."
150,Abstract Wikipedia,https://meta.wikimedia.org/wiki/abstract_wikipedia,35.3,35.3,0,1.0,LOW,HIGH,criteria,"High popularity risk: Abstract Wikipedia is well-known and well-documented, which inflates my confidence. Stripping out the documentation advantage, I'd estimate this 8-12 points lower."
151,Anna's Archive,https://annas-archive.pm,35.3,35.3,0,0.9,LOW,LOW,criteria,"Governance legibility is strong — it makes decision-making processes inspectable, which is exactly what I mean by making power visible and accountable."
152,Community Tech,https://www.communitytech.network,35.3,35.3,0,1.0,LOW,LOW,criteria,"Governance legibility is strong — it makes decision-making processes inspectable, which is exactly what I mean by making power visible and accountable. Participation has some pathway to influence, though binding outcomes aren't fully documented."
153,Coral,https://coralproject.net,35.3,35.3,0,1.0,LOW,LOW,criteria,"Limited constitutional fit — doesn't strongly address budget transparency, governance legibility, collective ownership, or decision-making leverage."
154,Mapped,https://mapped.commonknowledge.coop,35.3,35.3,0,0.9,LOW,LOW,criteria,The governance visibility dimension is meaningful here.
155,Nestr,https://nestr.io,35.3,35.3,0,0.9,LOW,LOW,criteria,"Governance legibility is strong — it makes decision-making processes inspectable, which is exactly what I mean by making power visible and accountable."
156,Open Council Data UK,https://opencouncildata.co.uk,35.3,35.3,0,1.0,LOW,LOW,criteria,"Governance legibility is strong — it makes decision-making processes inspectable, which is exactly what I mean by making power visible and accountable."
157,OpenElections Leaflet Scraper and Parser,https://github.com/thicknavyrain/uk_elections_leaflets,35.3,35.3,0,0.9,LOW,LOW,criteria,"Governance legibility is strong — it makes decision-making processes inspectable, which is exactly what I mean by making power visible and accountable."
158,Principles for Public Participation in Procurement of AI,https://p4ai.net,35.3,35.3,0,1.0,LOW,LOW,criteria,"The governance visibility dimension is meaningful here. Participation has some pathway to influence, though binding outcomes aren't fully documented."
159,Riseup,https://riseup.net,35.3,35.3,0,1.0,LOW,LOW,criteria,The governance visibility dimension is meaningful here. The gap is that participation doesn't clearly translate to binding outcomes — governance is visible but leverage over decisions is uncertain.
160,Strike Map,https://strikemap.org,35.3,35.3,0,1.0,LOW,LOW,criteria,The governance visibility dimension is meaningful here.
161,Viewpoints,https://viewpoints.xyz,35.3,35.3,0,0.9,LOW,LOW,criteria,"Governance legibility is strong — it makes decision-making processes inspectable, which is exactly what I mean by making power visible and accountable."
162,Watch Duty,https://www.watchduty.org,35.3,35.3,0,0.9,LOW,LOW,criteria,"Governance legibility is strong — it makes decision-making processes inspectable, which is exactly what I mean by making power visible and accountable. The gap is that participation doesn't clearly translate to binding outcomes — governance is visible but leverage over decisions is uncertain."
163,AlgorithmWatch,https://algorithmwatch.org,35.2,39.2,-4,1.0,LOW,LOW,criteria,"Governance legibility is strong — it makes decision-making processes inspectable, which is exactly what I mean by making power visible and accountable. The gap is that participation doesn't clearly translate to binding outcomes — governance is visible but leverage over decisions is uncertain. The extractive or surveillance dimension pulls the score down significantly."
164,Community Notes (Birdwatch) Analysis Tool,https://github.com/travisbrown/birdwatch,35.2,39.2,-4,1.0,LOW,LOW,criteria,"Governance legibility is strong — it makes decision-making processes inspectable, which is exactly what I mean by making power visible and accountable. The gap is that participation doesn't clearly translate to binding outcomes — governance is visible but leverage over decisions is uncertain. The extractive or surveillance dimension pulls the score down significantly."
165,OA.Report,https://oa.report,35.2,41.2,-6,1.0,LOW,LOW,criteria,"Governance legibility is strong — it makes decision-making processes inspectable, which is exactly what I mean by making power visible and accountable. The extractive or surveillance dimension pulls the score down significantly."
166,Who Targets Me Trends,https://trends.whotargets.me,35.2,41.2,-6,1.0,LOW,LOW,criteria,"Governance legibility is strong — it makes decision-making processes inspectable, which is exactly what I mean by making power visible and accountable. The gap is that participation doesn't clearly translate to binding outcomes — governance is visible but leverage over decisions is uncertain. The extractive or surveillance dimension pulls the score down significantly."
167,FixMyBlock,https://fixmyblock.org,34.5,27.5,7,0.9,LOW,LOW,criteria,The governance visibility dimension is meaningful here. The gap is that participation doesn't clearly translate to binding outcomes — governance is visible but leverage over decisions is uncertain. The explicit focus on communities excluded from traditional financial and governance systems earns a meaningful boost.
168,Membership,https://medium.com/@abscond/membership-a-prototype-ea822b2683b,34.4,32.4,2,0.9,LOW,LOW,criteria,"Governance legibility is strong — it makes decision-making processes inspectable, which is exactly what I mean by making power visible and accountable."
169,CiviClick,https://civiclick.com,34.3,34.3,0,0.9,LOW,LOW,criteria,"Governance legibility is strong — it makes decision-making processes inspectable, which is exactly what I mean by making power visible and accountable."
170,CivicPress,https://civicpress.io/,34.3,34.3,0,1.0,LOW,LOW,criteria,The governance visibility dimension is meaningful here. The gap is that participation doesn't clearly translate to binding outcomes — governance is visible but leverage over decisions is uncertain.
171,Collaborative Data Patterns,https://collaborative-data.theodi.org,34.3,34.3,0,0.9,LOW,LOW,criteria,"Governance legibility is strong — it makes decision-making processes inspectable, which is exactly what I mean by making power visible and accountable."
172,Granicus,https://granicus.com/uk,34.3,34.3,0,1.0,LOW,LOW,criteria,The governance visibility dimension is meaningful here.
173,Landlord Tech Watch,https://antievictionmappingproject.github.io/landlordtech,34.3,34.3,0,1.0,LOW,LOW,criteria,The governance visibility dimension is meaningful here. The gap is that participation doesn't clearly translate to binding outcomes — governance is visible but leverage over decisions is uncertain.
174,postcodes.io,https://github.com/ideal-postcodes/postcodes.io,34.3,34.3,0,0.9,LOW,LOW,criteria,The governance visibility dimension is meaningful here. The gap is that participation doesn't clearly translate to binding outcomes — governance is visible but leverage over decisions is uncertain.
175,semanticClimate,https://semanticclimate.github.io,34.3,34.3,0,0.9,LOW,LOW,criteria,The governance visibility dimension is meaningful here. The gap is that participation doesn't clearly translate to binding outcomes — governance is visible but leverage over decisions is uncertain.
176,Tech Coops List,https://tech-coops.xyz,34.3,34.3,0,1.0,LOW,LOW,criteria,The governance visibility dimension is meaningful here.
177,Who Posted What?,https://whopostedwhat.com,34.3,34.3,0,0.9,LOW,LOW,criteria,The governance visibility dimension is meaningful here. The gap is that participation doesn't clearly translate to binding outcomes — governance is visible but leverage over decisions is uncertain.
178,Wikum,https://www.csail.mit.edu/research/wikum-bridging-discussion-systems-and-wikis-collective-summarization,34.3,34.3,0,0.9,LOW,LOW,criteria,"Governance legibility is strong — it makes decision-making processes inspectable, which is exactly what I mean by making power visible and accountable."
179,Fundación Ciudadanía Inteligente,https://ciudadaniai.org,34.2,40.2,-6,1.0,LOW,LOW,criteria,"Governance legibility is strong — it makes decision-making processes inspectable, which is exactly what I mean by making power visible and accountable. Participation has some pathway to influence, though binding outcomes aren't fully documented. The extractive or surveillance dimension pulls the score down significantly."
180,Political Advertising Transparency Data Standard,https://github.com/whotargetsme/ad-transparency-standards/blob/main/implement.md,34.2,40.2,-6,1.0,LOW,LOW,criteria,The governance visibility dimension is meaningful here. The gap is that participation doesn't clearly translate to binding outcomes — governance is visible but leverage over decisions is uncertain. The extractive or surveillance dimension pulls the score down significantly.
181,The Government Says,https://thegovernmentsays.com,34.2,40.2,-6,1.0,LOW,LOW,criteria,The governance visibility dimension is meaningful here. The gap is that participation doesn't clearly translate to binding outcomes — governance is visible but leverage over decisions is uncertain. The extractive or surveillance dimension pulls the score down significantly.
182,Mozilla Data Collective,https://datacollective.mozillafoundation.org/,33.4,29.4,4,1.0,LOW,HIGH,criteria,"High popularity risk: Mozilla Data Collective is well-known and well-documented, which inflates my confidence. Stripping out the documentation advantage, I'd estimate this 8-12 points lower."
183,Channel.org,https://channel.org,33.3,33.3,0,0.9,LOW,LOW,criteria,The governance visibility dimension is meaningful here.
184,Consent-O-Matic,https://github.com/cavi-au/consent-o-matic,33.3,33.3,0,0.9,LOW,LOW,criteria,"Limited constitutional fit — doesn't strongly address budget transparency, governance legibility, collective ownership, or decision-making leverage."
185,CoTech,https://coops.tech,33.3,33.3,0,1.0,LOW,LOW,criteria,The governance visibility dimension is meaningful here.
186,DoNotPay,https://www.donotpay.com,33.3,33.3,0,0.9,LOW,LOW,criteria,"Governance legibility is strong — it makes decision-making processes inspectable, which is exactly what I mean by making power visible and accountable. The gap is that participation doesn't clearly translate to binding outcomes — governance is visible but leverage over decisions is uncertain."
187,Esper,https://esper.com/product,33.3,33.3,0,1.0,LOW,LOW,criteria,The governance visibility dimension is meaningful here. The gap is that participation doesn't clearly translate to binding outcomes — governance is visible but leverage over decisions is uncertain.
188,Give Food,https://www.givefood.org.uk,33.3,33.3,0,1.0,LOW,LOW,criteria,The governance visibility dimension is meaningful here. The gap is that participation doesn't clearly translate to binding outcomes — governance is visible but leverage over decisions is uncertain.
189,GOV Reuse Library,https://dev.reuselibrary.service.justice.gov.uk/,33.3,33.3,0,1.0,LOW,LOW,criteria,The governance visibility dimension is meaningful here. The gap is that participation doesn't clearly translate to binding outcomes — governance is visible but leverage over decisions is uncertain.
190,Journalist Studio,https://journaliststudio.google.com,33.3,33.3,0,0.9,LOW,LOW,criteria,The governance visibility dimension is meaningful here. The gap is that participation doesn't clearly translate to binding outcomes — governance is visible but leverage over decisions is uncertain.
191,Manifold Markets,https://manifold.markets,33.3,33.3,0,0.9,LOW,LOW,criteria,The governance visibility dimension is meaningful here.
192,Nym,https://nymtech.net,33.3,33.3,0,1.0,LOW,LOW,criteria,The governance visibility dimension is meaningful here.
193,Open Letter,https://openletter.earth,33.3,33.3,0,0.9,LOW,LOW,criteria,"Governance legibility is strong — it makes decision-making processes inspectable, which is exactly what I mean by making power visible and accountable."
194,Parliament Watch Uganda,https://parliamentwatch.ug/,33.3,33.3,0,0.9,LOW,LOW,criteria,"Governance legibility is strong — it makes decision-making processes inspectable, which is exactly what I mean by making power visible and accountable."
195,Rahvaalgatus,https://github.com/rahvaalgatus/rahvaalgatus,33.3,33.3,0,1.0,LOW,LOW,criteria,The governance visibility dimension is meaningful here.
196,Schema.org,https://schema.org,33.3,33.3,0,0.7,LOW,LOW,criteria,The governance visibility dimension is meaningful here. The gap is that participation doesn't clearly translate to binding outcomes — governance is visible but leverage over decisions is uncertain.
197,We Live It,https://www.welivedit.ai,33.3,33.3,0,0.9,LOW,LOW,criteria,The governance visibility dimension is meaningful here.
198,Whoisology,https://whoisology.com,33.3,33.3,0,0.9,LOW,LOW,criteria,The governance visibility dimension is meaningful here. The gap is that participation doesn't clearly translate to binding outcomes — governance is visible but leverage over decisions is uncertain.
199,MapIt,https://mapit.mysociety.org,33.2,39.2,-6,1.0,LOW,HIGH,criteria,The governance visibility dimension is meaningful here. The gap is that participation doesn't clearly translate to binding outcomes — governance is visible but leverage over decisions is uncertain. The extractive or surveillance dimension pulls the score down significantly.
200,Collab.Land,https://collab.land,32.5,23.5,9,0.9,LOW,LOW,modifier,"The programmable governance mechanism fires here — whether on-chain or through democratic software, what matters is that governance is enforceable and legible in practice, and this delivers that."
201,Bluesky,https://bsky.app,32.4,32.4,0,1.0,LOW,LOW,criteria,"Limited constitutional fit — doesn't strongly address budget transparency, governance legibility, collective ownership, or decision-making leverage."
202,Data Observation Toolkit (DOT),https://github.com/datakind/data-observation-toolkit,32.4,32.4,0,1.0,LOW,LOW,criteria,"Limited constitutional fit — doesn't strongly address budget transparency, governance legibility, collective ownership, or decision-making leverage."
203,FarmerChat,https://farmerchat.digitalgreen.org,32.4,32.4,0,0.9,LOW,LOW,criteria,"Governance legibility is strong — it makes decision-making processes inspectable, which is exactly what I mean by making power visible and accountable. The gap is that participation doesn't clearly translate to binding outcomes — governance is visible but leverage over decisions is uncertain."
204,GOV.UK Notify,https://www.notifications.service.gov.uk,32.4,32.4,0,1.0,LOW,LOW,criteria,"Limited constitutional fit — doesn't strongly address budget transparency, governance legibility, collective ownership, or decision-making leverage."
205,GRIM (Global Risk Simulator),https://github.com/sentinelteam/grim,32.4,32.4,0,1.0,LOW,LOW,criteria,The governance visibility dimension is meaningful here. The gap is that participation doesn't clearly translate to binding outcomes — governance is visible but leverage over decisions is uncertain.
206,Missing Numbers,https://missingnumbers.org,32.4,32.4,0,1.0,LOW,LOW,criteria,"Governance legibility is strong — it makes decision-making processes inspectable, which is exactly what I mean by making power visible and accountable. The gap is that participation doesn't clearly translate to binding outcomes — governance is visible but leverage over decisions is uncertain."
207,MP Watch,https://www.mpwatch.org,32.4,32.4,0,1.0,LOW,LOW,criteria,"Governance legibility is strong — it makes decision-making processes inspectable, which is exactly what I mean by making power visible and accountable."
208,Objector.ai,https://objector.ai,32.4,32.4,0,1.0,LOW,LOW,criteria,"Governance legibility is strong — it makes decision-making processes inspectable, which is exactly what I mean by making power visible and accountable."
209,OpenCRVS,https://www.opencrvs.org,32.4,32.4,0,1.0,LOW,LOW,criteria,"Limited constitutional fit — doesn't strongly address budget transparency, governance legibility, collective ownership, or decision-making leverage."
210,RightDD,https://www.rightsdd.com,32.4,32.4,0,0.9,LOW,LOW,criteria,"Governance legibility is strong — it makes decision-making processes inspectable, which is exactly what I mean by making power visible and accountable. The gap is that participation doesn't clearly translate to binding outcomes — governance is visible but leverage over decisions is uncertain."
211,SecureDrop,https://securedrop.org,32.4,32.4,0,1.0,LOW,LOW,criteria,"Limited constitutional fit — doesn't strongly address budget transparency, governance legibility, collective ownership, or decision-making leverage."
212,Vote for Policies,https://voteforpolicies.org.uk,32.4,32.4,0,0.9,LOW,LOW,criteria,The governance visibility dimension is meaningful here.
213,Tracka,https://yourtracka.org,32.2,38.2,-6,1.0,LOW,LOW,criteria,"The governance visibility dimension is meaningful here. Participation has some pathway to influence, though binding outcomes aren't fully documented. The extractive or surveillance dimension pulls the score down significantly."
214,CharmVerse,https://charmverse.io/,31.4,31.4,0,0.9,LOW,LOW,criteria,The governance visibility dimension is meaningful here.
215,Choose a License,https://choosealicense.com,31.4,31.4,0,0.9,LOW,LOW,criteria,"Limited constitutional fit — doesn't strongly address budget transparency, governance legibility, collective ownership, or decision-making leverage."
216,Fatebook,https://fatebook.io,31.4,31.4,0,0.9,LOW,LOW,criteria,The governance visibility dimension is meaningful here. The gap is that participation doesn't clearly translate to binding outcomes — governance is visible but leverage over decisions is uncertain.
217,GlobaLeaks,https://www.globaleaks.org,31.4,31.4,0,1.0,LOW,LOW,criteria,"Limited constitutional fit — doesn't strongly address budget transparency, governance legibility, collective ownership, or decision-making leverage."
218,GOV.UK One Login,https://www.sign-in.service.gov.uk,31.4,31.4,0,1.0,LOW,LOW,criteria,"Limited constitutional fit — doesn't strongly address budget transparency, governance legibility, collective ownership, or decision-making leverage."
219,GOV.UK Pay,https://www.payments.service.gov.uk,31.4,31.4,0,1.0,LOW,LOW,criteria,"Limited constitutional fit — doesn't strongly address budget transparency, governance legibility, collective ownership, or decision-making leverage."
220,Hand-Written Petition Scanner,https://hand-written-petition-scanner.streamlit.app,31.4,31.4,0,0.9,LOW,LOW,criteria,"Governance legibility is strong — it makes decision-making processes inspectable, which is exactly what I mean by making power visible and accountable."
221,Journal of Open Source Software,https://joss.theoj.org,31.4,31.4,0,1.0,LOW,LOW,criteria,"Limited constitutional fit — doesn't strongly address budget transparency, governance legibility, collective ownership, or decision-making leverage."
222,MP Twitter Bios,https://www.mptwitterbios.co.uk,31.4,31.4,0,0.9,LOW,LOW,criteria,The governance visibility dimension is meaningful here.
223,Objector.ai,https://www.objector.ai,31.4,31.4,0,0.9,LOW,LOW,criteria,"Governance legibility is strong — it makes decision-making processes inspectable, which is exactly what I mean by making power visible and accountable."
224,Parse The Bill,https://parsethebill.com,31.4,31.4,0,0.9,LOW,LOW,criteria,"Governance legibility is strong — it makes decision-making processes inspectable, which is exactly what I mean by making power visible and accountable."
225,The Commons Social Change Library,https://commonslibrary.org,31.4,31.4,0,0.9,LOW,LOW,criteria,The governance visibility dimension is meaningful here.
226,Theft Bisect,https://onodi.co/bisect/,31.4,31.4,0,1.0,LOW,LOW,criteria,The governance visibility dimension is meaningful here. The gap is that participation doesn't clearly translate to binding outcomes — governance is visible but leverage over decisions is uncertain.
227,youtube-dl,https://github.com/ytdl-org/youtube-dl,31.4,31.4,0,1.0,LOW,LOW,criteria,"Limited constitutional fit — doesn't strongly address budget transparency, governance legibility, collective ownership, or decision-making leverage."
228,Charity Digital Skills Report,https://charitydigitalskills.co.uk,31.3,37.3,-6,1.0,LOW,LOW,criteria,"Governance legibility is strong — it makes decision-making processes inspectable, which is exactly what I mean by making power visible and accountable. The extractive or surveillance dimension pulls the score down significantly."
229,OA.Works,https://oa.works/,31.3,37.3,-6,1.0,LOW,LOW,criteria,The governance visibility dimension is meaningful here. The gap is that participation doesn't clearly translate to binding outcomes — governance is visible but leverage over decisions is uncertain. The extractive or surveillance dimension pulls the score down significantly.
230,Parallel Parliament,https://www.parallelparliament.co.uk,31.3,37.3,-6,0.9,LOW,LOW,criteria,"Governance legibility is strong — it makes decision-making processes inspectable, which is exactly what I mean by making power visible and accountable. The extractive or surveillance dimension pulls the score down significantly."
231,Dovetail,https://dovetail.network,30.4,30.4,0,0.9,LOW,LOW,criteria,The governance visibility dimension is meaningful here. The gap is that participation doesn't clearly translate to binding outcomes — governance is visible but leverage over decisions is uncertain.
232,Frankenstein Bill,https://gordonguthrie.github.io/frankensteinbill,30.4,30.4,0,1.0,LOW,LOW,criteria,The governance visibility dimension is meaningful here. The gap is that participation doesn't clearly translate to binding outcomes — governance is visible but leverage over decisions is uncertain.
233,GreenPT,https://greenpt.ai/,30.4,30.4,0,1.0,LOW,LOW,criteria,The governance visibility dimension is meaningful here. The gap is that participation doesn't clearly translate to binding outcomes — governance is visible but leverage over decisions is uncertain.
234,Kialo,https://kialo.com,30.4,30.4,0,0.9,LOW,LOW,criteria,The governance visibility dimension is meaningful here.
235,Pastecal,https://github.com/kazad/pastecal,30.4,30.4,0,0.9,LOW,LOW,criteria,The governance visibility dimension is meaningful here.
236,PatCit,https://github.com/cverluise/patcit,30.4,30.4,0,0.9,LOW,LOW,criteria,The governance visibility dimension is meaningful here. The gap is that participation doesn't clearly translate to binding outcomes — governance is visible but leverage over decisions is uncertain.
237,PoliMonitor,https://www.polimonitor.com,30.4,30.4,0,0.9,LOW,LOW,criteria,The governance visibility dimension is meaningful here. The gap is that participation doesn't clearly translate to binding outcomes — governance is visible but leverage over decisions is uncertain.
238,Relational Tech Project,https://relationaltechproject.org,30.4,30.4,0,1.0,LOW,LOW,criteria,The governance visibility dimension is meaningful here.
239,Shared Digital Guides,https://www.shareddigitalguides.org.uk,30.4,30.4,0,0.9,LOW,LOW,criteria,The governance visibility dimension is meaningful here. The gap is that participation doesn't clearly translate to binding outcomes — governance is visible but leverage over decisions is uncertain.
240,WardWatch,https://wardwatch.uk,30.4,30.4,0,0.9,LOW,LOW,criteria,"Governance legibility is strong — it makes decision-making processes inspectable, which is exactly what I mean by making power visible and accountable."
241,Worker Info Exchange,https://www.workerinfoexchange.org,30.3,36.3,-6,1.0,LOW,HIGH,criteria,"The governance visibility dimension is meaningful here. The extractive or surveillance dimension pulls the score down significantly. High popularity risk: Worker Info Exchange is well-known and well-documented, which inflates my confidence. Stripping out the documentation advantage, I'd estimate this 8-12 points lower."
242,Global Fact-Check Bot (GFC),https://globalfactcheck.bot/,29.5,27.5,2,1.0,LOW,LOW,criteria,The governance visibility dimension is meaningful here. The gap is that participation doesn't clearly translate to binding outcomes — governance is visible but leverage over decisions is uncertain.
243,Activist Handbook,https://activisthandbook.org/,29.4,29.4,0,1.0,LOW,LOW,criteria,The governance visibility dimension is meaningful here.
244,Bluesky Social,https://github.com/bluesky-social,29.4,29.4,0,1.0,LOW,LOW,criteria,"Limited constitutional fit — doesn't strongly address budget transparency, governance legibility, collective ownership, or decision-making leverage."
245,CAN/DGSI 127 - Age Assurance Technologies Standard,https://dgc-cgn.org/product/can-dgsi-127/,29.4,29.4,0,1.0,LOW,LOW,criteria,"Governance legibility is strong — it makes decision-making processes inspectable, which is exactly what I mean by making power visible and accountable."
246,Deliberation & Technology (DelibTech) Network,https://www.demnext.org/projects/delibtech-network,29.4,29.4,0,0.9,LOW,LOW,criteria,The governance visibility dimension is meaningful here.
247,Empurrando Juntas (EJ),https://sobre.ejparticipe.org,29.4,29.4,0,0.9,LOW,LOW,criteria,The governance visibility dimension is meaningful here.
248,Go Vocal,https://www.govocal.com,29.4,29.4,0,1.0,LOW,LOW,criteria,"Limited constitutional fit — doesn't strongly address budget transparency, governance legibility, collective ownership, or decision-making leverage."
249,Labour Xchange,https://labourxchange.uk,29.4,29.4,0,1.0,LOW,LOW,criteria,"Limited constitutional fit — doesn't strongly address budget transparency, governance legibility, collective ownership, or decision-making leverage."
250,OpenAudience,https://openaudience.org,29.4,29.4,0,0.9,LOW,LOW,criteria,The governance visibility dimension is meaningful here.
251,Pear by Holepunch,https://docs.holepunch.to,29.4,29.4,0,0.9,LOW,LOW,criteria,"Limited constitutional fit — doesn't strongly address budget transparency, governance legibility, collective ownership, or decision-making leverage."
252,Public Media Stack,https://publicmediastack.com,29.4,29.4,0,0.9,LOW,LOW,criteria,The governance visibility dimension is meaningful here. The gap is that participation doesn't clearly translate to binding outcomes — governance is visible but leverage over decisions is uncertain.
253,Radicle,https://radicle.xyz,29.4,29.4,0,1.0,LOW,LOW,criteria,"Limited constitutional fit — doesn't strongly address budget transparency, governance legibility, collective ownership, or decision-making leverage."
254,soweego,https://soweego.readthedocs.io,29.4,29.4,0,0.9,LOW,LOW,criteria,"Limited constitutional fit — doesn't strongly address budget transparency, governance legibility, collective ownership, or decision-making leverage."
255,Spartacus,https://spartacus.app,29.4,29.4,0,0.9,LOW,LOW,criteria,The governance visibility dimension is meaningful here.
256,The Guide to Major Trusts 2025/26,https://www.dsc.org.uk/publication/the-guide-to-major-trusts-2025-26/,29.4,29.4,0,0.9,LOW,LOW,criteria,The governance visibility dimension is meaningful here. The gap is that participation doesn't clearly translate to binding outcomes — governance is visible but leverage over decisions is uncertain.
257,Privacy Badger,https://privacybadger.org,29.3,35.3,-6,1.0,LOW,LOW,criteria,The extractive or surveillance dimension pulls the score down significantly.
258,Tor Project,https://www.torproject.org,29.3,35.3,-6,1.0,LOW,HIGH,criteria,"The extractive or surveillance dimension pulls the score down significantly. High popularity risk: Tor Project is well-known and well-documented, which inflates my confidence. Stripping out the documentation advantage, I'd estimate this 8-12 points lower."
259,Remember to Vote,https://remembertovote.org.uk,28.5,26.5,2,0.9,LOW,LOW,criteria,The governance visibility dimension is meaningful here.
260,Full Fact AI,https://fullfact.org/ai,28.4,28.4,0,1.0,LOW,LOW,criteria,The governance visibility dimension is meaningful here. The gap is that participation doesn't clearly translate to binding outcomes — governance is visible but leverage over decisions is uncertain.
261,OSINT Framework,https://osintframework.com,28.4,28.4,0,0.9,LOW,LOW,criteria,The governance visibility dimension is meaningful here. The gap is that participation doesn't clearly translate to binding outcomes — governance is visible but leverage over decisions is uncertain.
262,Right To Know,https://right-to-know.org,28.4,28.4,0,1.0,LOW,LOW,criteria,The governance visibility dimension is meaningful here. The gap is that participation doesn't clearly translate to binding outcomes — governance is visible but leverage over decisions is uncertain.
263,Atlas of Surveillance,https://atlasofsurveillance.org,28.3,34.3,-6,1.0,LOW,LOW,criteria,The governance visibility dimension is meaningful here. The gap is that participation doesn't clearly translate to binding outcomes — governance is visible but leverage over decisions is uncertain. The extractive or surveillance dimension pulls the score down significantly.
264,Guardian Project,https://guardianproject.info,28.3,34.3,-6,1.0,LOW,LOW,criteria,The governance visibility dimension is meaningful here. The gap is that participation doesn't clearly translate to binding outcomes — governance is visible but leverage over decisions is uncertain. The extractive or surveillance dimension pulls the score down significantly.
265,https://tracking-template-38b4c.web.app,https://tracking-template-38b4c.web.app,28,15.7,-6,0.3,HIGH,NONE,underdog-protection,The dossier is too thin for me to score this properly. I'm applying underdog protection — this is exactly the kind of early-stage work I don't want to penalise for being underdocumented. Score held at floor.
266,Unknown Academic Paper (SSRN 5351275),https://papers.ssrn.com/sol3/papers.cfm?abstract_id=5351275,28,15.7,0,0.3,HIGH,NONE,underdog-protection,The dossier is too thin for me to score this properly. I'm applying underdog protection — this is exactly the kind of early-stage work I don't want to penalise for being underdocumented. Score held at floor.
267,Unknown,,28,15.7,0,0.2,HIGH,NONE,underdog-protection,The dossier is too thin for me to score this properly. I'm applying underdog protection — this is exactly the kind of early-stage work I don't want to penalise for being underdocumented. Score held at floor.
268,Ladder Hub,https://ladderhub.org/,27.6,20.6,7,0.9,LOW,LOW,criteria,The explicit focus on communities excluded from traditional financial and governance systems earns a meaningful boost.
269,Beckton,https://richardpope.org/2017/03/05/beckton-a-tool-to-build,27.5,25.5,2,0.9,LOW,LOW,criteria,"Limited constitutional fit — doesn't strongly address budget transparency, governance legibility, collective ownership, or decision-making leverage."
270,PolicyMogul,https://policymogul.com,27.5,27.5,0,0.9,LOW,LOW,criteria,The governance visibility dimension is meaningful here. The gap is that participation doesn't clearly translate to binding outcomes — governance is visible but leverage over decisions is uncertain.
271,Teaching Public Service in the Digital Age,https://www.teachingpublicservice.digital,27.5,27.5,0,1.0,LOW,LOW,criteria,The governance visibility dimension is meaningful here. The gap is that participation doesn't clearly translate to binding outcomes — governance is visible but leverage over decisions is uncertain.
272,Yoti,https://www.yoti.com,27.5,27.5,0,1.0,LOW,LOW,criteria,"Limited constitutional fit — doesn't strongly address budget transparency, governance legibility, collective ownership, or decision-making leverage."
273,GOV.UK Forms,https://www.forms.service.gov.uk,27.3,33.3,-6,1.0,LOW,LOW,criteria,The governance visibility dimension is meaningful here. The gap is that participation doesn't clearly translate to binding outcomes — governance is visible but leverage over decisions is uncertain. The extractive or surveillance dimension pulls the score down significantly.
274,Service Manual,https://www.gov.uk/service-manual,27.3,33.3,-6,1.0,LOW,LOW,criteria,The governance visibility dimension is meaningful here. The gap is that participation doesn't clearly translate to binding outcomes — governance is visible but leverage over decisions is uncertain. The extractive or surveillance dimension pulls the score down significantly.
275,CivicMatch,https://civicmatch.app,26.5,26.5,0,0.8,LOW,LOW,criteria,The governance visibility dimension is meaningful here.
276,Local Deep Researcher,https://local-deep-researcher-hnmh.vercel.app/,26.5,26.5,0,0.6,LOW,LOW,criteria,The governance visibility dimension is meaningful here.
277,Mapping.kids,https://mapping.kids,26.5,26.5,0,0.7,LOW,LOW,criteria,The governance visibility dimension is meaningful here.
278,MyActionCenter,https://www.myaction.center,26.5,26.5,0,0.9,LOW,LOW,criteria,The governance visibility dimension is meaningful here.
279,Pageviews Analysis,https://pageviews.wmcloud.org,26.5,26.5,0,0.9,LOW,LOW,criteria,"Limited constitutional fit — doesn't strongly address budget transparency, governance legibility, collective ownership, or decision-making leverage."
280,Registers and collaboration: making lists we can trust,https://theodi.org/insights/reports/registers-and-collaboration-making-lists-we-can-trust-report,26.5,26.5,0,0.9,LOW,LOW,criteria,The governance visibility dimension is meaningful here. The gap is that participation doesn't clearly translate to binding outcomes — governance is visible but leverage over decisions is uncertain.
281,The Engine Room Library,https://library.theengineroom.org,26.5,26.5,0,0.9,LOW,LOW,criteria,"Limited constitutional fit — doesn't strongly address budget transparency, governance legibility, collective ownership, or decision-making leverage."
282,Timecounts,https://timecounts.org,26.5,26.5,0,0.9,LOW,LOW,criteria,The governance visibility dimension is meaningful here.
283,Turbo Phonebank,https://turbophonebank.com,26.5,26.5,0,0.9,LOW,LOW,criteria,The governance visibility dimension is meaningful here.
284,Gapminder Worldview Upgrader,https://upgrader.gapminder.org,26.4,32.4,-6,1.0,LOW,LOW,criteria,The extractive or surveillance dimension pulls the score down significantly.
285,ShineYourEye,https://www.shineyoureye.org,26.4,32.4,-6,0.9,LOW,LOW,criteria,"Governance legibility is strong — it makes decision-making processes inspectable, which is exactly what I mean by making power visible and accountable. The extractive or surveillance dimension pulls the score down significantly."
286,The List,https://the-list.uk,26.4,32.4,-6,1.0,LOW,LOW,criteria,"Governance legibility is strong — it makes decision-making processes inspectable, which is exactly what I mean by making power visible and accountable. The extractive or surveillance dimension pulls the score down significantly."
287,DISARM Frameworks,https://github.com/disarmfoundation/disarmframeworks,25.5,25.5,0,1.0,LOW,LOW,criteria,"Limited constitutional fit — doesn't strongly address budget transparency, governance legibility, collective ownership, or decision-making leverage."
288,In the news,https://en.wikipedia.org/wiki/wikipedia:in_the_news,25.5,25.5,0,1.0,LOW,HIGH,criteria,"High popularity risk: In the news is well-known and well-documented, which inflates my confidence. Stripping out the documentation advantage, I'd estimate this 8-12 points lower."
289,Public Editor,https://www.publiceditor.io,25.5,25.5,0,0.9,LOW,LOW,criteria,The governance visibility dimension is meaningful here. The gap is that participation doesn't clearly translate to binding outcomes — governance is visible but leverage over decisions is uncertain.
290,UK Housing Data Standards,https://hact.org.uk/tools-and-services/uk-housing-data-standards,25.5,27.5,-2,1.0,LOW,LOW,criteria,The extractive or surveillance dimension pulls the score down significantly.
291,UK Policy Dojo,https://github.com/mikekelly/policy-dojo,25.5,25.5,0,1.0,LOW,LOW,criteria,"Limited constitutional fit — doesn't strongly address budget transparency, governance legibility, collective ownership, or decision-making leverage."
292,DoGooder,https://dogooder.co,24.5,24.5,0,0.8,LOW,LOW,criteria,"Limited constitutional fit — doesn't strongly address budget transparency, governance legibility, collective ownership, or decision-making leverage."
293,Dunadyne,https://dunadyne.org,24.5,24.5,0,0.9,LOW,LOW,criteria,The governance visibility dimension is meaningful here. The gap is that participation doesn't clearly translate to binding outcomes — governance is visible but leverage over decisions is uncertain.
294,Filmot,https://filmot.com,24.5,24.5,0,0.9,LOW,LOW,criteria,The governance visibility dimension is meaningful here. The gap is that participation doesn't clearly translate to binding outcomes — governance is visible but leverage over decisions is uncertain.
295,Gender Pay Gap Service,https://gender-pay-gap.service.gov.uk,24.4,30.4,-6,1.0,LOW,LOW,criteria,The governance visibility dimension is meaningful here. The gap is that participation doesn't clearly translate to binding outcomes — governance is visible but leverage over decisions is uncertain. The extractive or surveillance dimension pulls the score down significantly.
296,Violation Tracker UK,https://violationtrackeruk.goodjobsfirst.org,24.4,30.4,-6,0.9,LOW,LOW,criteria,The governance visibility dimension is meaningful here. The gap is that participation doesn't clearly translate to binding outcomes — governance is visible but leverage over decisions is uncertain. The extractive or surveillance dimension pulls the score down significantly.
297,Open Ownership,https://www.openownership.org,24.3,34.3,-10,1.0,LOW,LOW,criteria,"Governance legibility is strong — it makes decision-making processes inspectable, which is exactly what I mean by making power visible and accountable. The gap is that participation doesn't clearly translate to binding outcomes — governance is visible but leverage over decisions is uncertain. The extractive or surveillance dimension pulls the score down significantly."
298,DeepSeek-V3,https://github.com/deepseek-ai/deepseek-v3,23.5,23.5,0,0.9,LOW,LOW,criteria,"Limited constitutional fit — doesn't strongly address budget transparency, governance legibility, collective ownership, or decision-making leverage."
299,OpenOrigins,https://www.openorigins.com,23.5,23.5,0,0.9,LOW,LOW,criteria,"Limited constitutional fit — doesn't strongly address budget transparency, governance legibility, collective ownership, or decision-making leverage."
300,Responsible Tech Guide 2025,https://alltechishuman.org/responsible-tech-guide-2025,23.5,23.5,0,0.9,LOW,LOW,criteria,The governance visibility dimension is meaningful here. The gap is that participation doesn't clearly translate to binding outcomes — governance is visible but leverage over decisions is uncertain.
301,Society for Hopeful Technologists,https://societyforhopefultechnologists.org,23.5,23.5,0,1.0,LOW,LOW,criteria,"Limited constitutional fit — doesn't strongly address budget transparency, governance legibility, collective ownership, or decision-making leverage."
302,meet.coop,https://www.meet.coop,23.4,29.4,-6,1.0,LOW,LOW,criteria,The extractive or surveillance dimension pulls the score down significantly.
303,AISafety.info,https://aisafety.info,22.5,22.5,0,0.9,LOW,LOW,criteria,"Limited constitutional fit — doesn't strongly address budget transparency, governance legibility, collective ownership, or decision-making leverage."
304,Conservative Party Funding,https://conservativepartyfunding.co.uk,22.5,22.5,0,0.9,LOW,LOW,criteria,"Limited constitutional fit — doesn't strongly address budget transparency, governance legibility, collective ownership, or decision-making leverage."
305,COTSI (Cyber Operational Threat Situational Intelligence),https://cotsi.org/,22.5,22.5,0,0.9,LOW,LOW,criteria,"Limited constitutional fit — doesn't strongly address budget transparency, governance legibility, collective ownership, or decision-making leverage."
306,PostBug,https://postbug.com,22.5,22.5,0,0.9,LOW,LOW,criteria,"Limited constitutional fit — doesn't strongly address budget transparency, governance legibility, collective ownership, or decision-making leverage."
307,Sci-Hub,https://sci-hub.se,22.5,22.5,0,0.9,LOW,LOW,criteria,"Limited constitutional fit — doesn't strongly address budget transparency, governance legibility, collective ownership, or decision-making leverage."
308,whatsmeow,https://github.com/tulir/whatsmeow,22.5,22.5,0,0.7,LOW,LOW,criteria,"Limited constitutional fit — doesn't strongly address budget transparency, governance legibility, collective ownership, or decision-making leverage."
309,Organise,https://www.organise.org.uk,22.4,28.4,-6,1.0,LOW,LOW,criteria,The governance visibility dimension is meaningful here. The extractive or surveillance dimension pulls the score down significantly.
310,Keep It In The Community,https://plunkett.my.site.com/keepitinthecommunity/s,21.6,21.6,0,1.0,LOW,LOW,criteria,"Limited constitutional fit — doesn't strongly address budget transparency, governance legibility, collective ownership, or decision-making leverage."
311,Plausible Analytics,https://plausible.io,21.6,21.6,0,0.9,LOW,LOW,criteria,"Limited constitutional fit — doesn't strongly address budget transparency, governance legibility, collective ownership, or decision-making leverage."
312,Spacetube,https://spacetu.be,21.6,21.6,0,0.9,LOW,LOW,criteria,"Limited constitutional fit — doesn't strongly address budget transparency, governance legibility, collective ownership, or decision-making leverage."
313,The Decelerator,https://decelerator.org.uk,21.6,21.6,0,0.9,LOW,LOW,criteria,"Limited constitutional fit — doesn't strongly address budget transparency, governance legibility, collective ownership, or decision-making leverage."
314,WorkInCharities,https://www.workincharities.co.uk,21.6,21.6,0,0.9,LOW,LOW,criteria,"Limited constitutional fit — doesn't strongly address budget transparency, governance legibility, collective ownership, or decision-making leverage."
315,Consciousness Evolution Operating System (ConSoc),https://www.consoc.io,20.6,20.6,0,0.5,MEDIUM,NONE,criteria,"Limited constitutional fit — doesn't strongly address budget transparency, governance legibility, collective ownership, or decision-making leverage."
316,Nyaaya,https://nyaaya.org,19.6,19.6,0,0.9,LOW,LOW,criteria,"Limited constitutional fit — doesn't strongly address budget transparency, governance legibility, collective ownership, or decision-making leverage."
317,Understanding Your Morality,https://programs.clearerthinking.org/understanding-your-morality/,19.6,19.6,0,0.9,LOW,LOW,criteria,"Limited constitutional fit — doesn't strongly address budget transparency, governance legibility, collective ownership, or decision-making leverage."
318,Urbit,https://urbit.org,19.6,19.6,0,1.0,LOW,LOW,criteria,"Limited constitutional fit — doesn't strongly address budget transparency, governance legibility, collective ownership, or decision-making leverage."
319,DemTech Navigator,https://navigator.oii.ox.ac.uk,18.6,18.6,0,0.9,LOW,LOW,criteria,"Limited constitutional fit — doesn't strongly address budget transparency, governance legibility, collective ownership, or decision-making leverage."
320,Kagi SlopStop,https://blog.kagi.com/slopstop,16.7,16.7,0,1.0,LOW,LOW,criteria,"Limited constitutional fit — doesn't strongly address budget transparency, governance legibility, collective ownership, or decision-making leverage."
321,Digital Account Management Toolkit,https://digitalcharitylab.org/product/digital-account-management-toolkit,15.7,15.7,0,0.9,LOW,LOW,criteria,"Limited constitutional fit — doesn't strongly address budget transparency, governance legibility, collective ownership, or decision-making leverage."
322,Citizens Advice Tableau Public Profile,https://public.tableau.com/app/profile/citizensadvice/vizzes,15.6,21.6,-6,0.9,LOW,LOW,criteria,The extractive or surveillance dimension pulls the score down significantly.
